customer_id,customer_unique_id,customer_zip_code_prefix,customer_city,customer_state,ingest_date
ae8db0691449a44352e7d535ddf78c5e,ad28944afc91824e30366a595654aaa4,11440,guaruja,SP,2026-01-01
4b003ee1eabaffe8ff8e6d75394a9b42,941590fb8aef66b3a8352fe7c691879e,48700,serrinha,BA,2026-01-01
1681471e9172d7e12ba08e9ac9e8628b,84032c13e75382a35c99ae73156b30b9,20250,rio de janeiro,RJ,2026-01-01
a4a00c41b5e3ed88bf0e0bb96576c2b2,94e89532396b3c02f648b2bc7f93f528,26115,belford roxo,RJ,2026-01-01
6ca7c0e971c24ce0931f148588ef23ce,f48a9bdc7d38b43bba4082517ea1bc07,36080,juiz de fora,MG,2026-01-01
41ce2a54c0b03bf3443c3d931a367089,3a653a41f6f9fc3d2a113cf8398680e8,75265,vianopolis,GO,2026-01-01
4cd274ce8ba240b1cff6480fa9911df1,01daeb09de8f07882ccd4319ffbc4693,09415,ribeirao pires,SP,2026-01-01
5ad934ace4646e3dad70148a823eb138,795ec127906a9e161109399a70f5826d,39480,januaria,MG,2026-01-01
17ebae22126d3df35f5e1fa1efedab94,82d3e8adcc5eaecb0594f0b20a105d93,18040,sorocaba,SP,2026-01-01
254e327149dc394a4edc7ff695098547,39104edef5e46d7b8c61848cc95e6d97,08694,suzano,SP,2026-01-01
7f8c8b9c2ae27bf3300f670c3d478be8,634f09f6075fe9032e6c19609ffe995a,44024,feira de santana,BA,2026-01-01
569cf68214806a39acc0f39344aea67f,c2551ea089b7ebbc67a2ea8757152514,44380,cruz das almas,BA,2026-01-01
8ca53db6e60cffad03828535d1fcc1a2,b3d23d61fb01dde311c5ddc5dfde8e47,31710,belo horizonte,MG,2026-01-01
d3e3b74c766bc6214e0c830b17ee2341,e97109680b052ee858d93a539597bba7,35400,ouro preto,MG,2026-01-01
26545a1a15e77138e98380c49a76053a,eb9414e9c56dacd436c2b7a274b34983,29730,baixo guandu,ES,2026-01-01
d2b091571da224a1b36412c18bc3bbfe,d699688533772c15a061e8ce81cb56df,04001,sao paulo,SP,2026-01-01
0dae7978fb6595f295dd3fd9ede02cda,0dd47ea03f3e61825df9e2bc94c292f1,30240,belo horizonte,MG,2026-01-01
0489975a325480c9e385e9f135bb13c3,b577af9a54b023b4bcc51f69bb937f1c,14406,franca,SP,2026-01-01
4fea6b3a96c9c399aef5540b38c7025b,f5add44bf786bd861fd6108d400cbaa5,04134,sao paulo,SP,2026-01-01
3b6828a50ffe546942b7a473d70ac0fc,ccafc1c3f270410521c3c6f3b249870f,74820,goiania,GO,2026-01-01
021e84751ba0ead75b6d314a6ead88d9,9a58c55c10b4eb6c69fb0874d8beb466,23025,rio de janeiro,RJ,2026-01-01
f6cc975f9ed5f7d6d78d5f8ac711a7ac,8cfecfbbdad82f1281686a54caf46dbb,37170,boa esperanca,MG,2026-01-01
04c70b7e1a619d16dbd79757e543cc59,c0c0c50de0f9c7089f7de06b69577afc,12070,taubate,SP,2026-01-01
df5c9e02596851fcbfc98804e4108bbd,377bdfb2197d3b83c9e3f9502deabcfb,39680,capelinha,MG,2026-01-01
060a46f3e1097e08371f2c8c7064156c,3d8a51057b28b7b5172c8bc46cb6a7f5,87030,maringa,PR,2026-01-01
00a6e2753fc2652cb87386ffbf5792b2,3abdf4f27efce96f8573a88343a4084e,04944,sao paulo,SP,2026-01-01
b59948a7b140d0a16d1683138820eed9,4cdcedeadb2f9aeb0ba2ef5f2ebfd042,96015,pelotas,RS,2026-01-01
fc849c5fbc7e2b0c7cfebc138886c693,5bbc03d010ac4dbcfdfa2018349c8f6e,28148,tocos,RJ,2026-01-01
5295c0f1f2053aa636bc034c2a85ab44,aa2511d870f9323a51307961b1030a5a,30692,belo horizonte,MG,2026-01-01
59cf1a479d104e38587b9fe9d60febe3,02278b7fe04a285092542fa4313cdc31,96065,pelotas,RS,2026-01-01
7bb3b0d45b4e1a13cd914e4a135e6bd9,286cb34c005540e593bea6045b73bc5a,04115,sao paulo,SP,2026-01-01
55216cd56c9eaadec16f03d5aaf11d86,c1dc1162de49817a25314db3030276f5,99435,campos borges,RS,2026-01-01
ba8a4209b5b60ac17ac458fdf1d34ddb,3d83e5ef875fbe2b372eb472a6528146,93224,sapucaia do sul,RS,2026-01-01
cae5d18352d2eb7396bd594c706f3624,b8baa482e2e3b439ab972fba47c9be48,12080,taubate,SP,2026-01-01
3be5a877ceebea2954404c6ef8e70be2,18bbfd7c77ff481bac5ae34fe5b8cc52,78780,alto araguaia,MT,2026-01-01
f239edc4401c9043a2c8f37fe164b273,8fbfbef81eb19dbfa1f6ba6bf5924e4b,09710,sao bernardo do campo,SP,2026-01-01
148348ff65384b4249b762579532e248,db979bdfe0bbba29ecd3df3f6c50bea2,87711,paranavai,PR,2026-01-01
a9f353609242c268174ec433f45f8440,d42b2752f04c8b661506333f88f70177,08710,mogi das cruzes,SP,2026-01-01
b1daab0190e21f1b1702791e68fcd940,0fa37740a3371e759a99e0acc2d533c2,30494,belo horizonte,MG,2026-01-01
aeb0c5aea1d62b3e494a86bad308f85e,5d3e6a61592164c2924ccec5c7f56058,85817,cascavel,PR,2026-01-01
7d61bddcc4435ac5dd586d751ebca204,10936b5134f21f582fbc02f383d76572,75804,jatai,GO,2026-01-01
db6505328f042b7f4fae7d80f3b0515f,2575b93f24ae722702825789254eaa1a,04447,sao paulo,SP,2026-01-01
21f1477f3d02e7fd1ba28dc6c596dc17,ec6a267aac7d40277f50dfed2d449cf1,38181,araxa,MG,2026-01-01
ed91cd9ea6e333288382a4adbefaffcf,a54ac085fc21d6fee207ddc23554a93e,02246,sao paulo,SP,2026-01-01
eb1c0e1ca3e17eccaefb7f0d4dc659b1,48625b68a29dcfc3aba4b5147e0625aa,20520,rio de janeiro,RJ,2026-01-01
3cc640f13134a74f3bc34b9b0094d412,30e4588900a8ceade11dbe60525d107e,55400,catende,PE,2026-01-01
3971ac136496b4368c1431bb5bce0929,1858eacbc8be35fe3b5dcfcd6d249462,79002,campo grande,MS,2026-01-01
4d8c75952e09254a602a3a059d0ac367,c375736396906dff8414217e02c45661,13050,campinas,SP,2026-01-01
6520161e793f944073a132d97e9af083,83aba9785dbb2e81044c9da5fa9e740c,36033,juiz de fora,MG,2026-01-01
86ff82570097f39b2193254f540e4a69,2f97fb04ba09cfa05b9e3b3af4e8e247,78875,gaucha do norte,MT,2026-01-01
884e5773f9ec5902aec38d330c7daa7f,027179319d6e0b4958b300ba6e9e35e6,72145,brasilia,DF,2026-01-01
7b05d440176a2b2e195cc8957cbdfc8c,f6d9da147a1feafa65e8d57c51cea44a,21321,rio de janeiro,RJ,2026-01-01
6e8a9c87724e18b7e567193cdd3e4b45,8fe805d171f920bf0ae393368aad5316,69800,humaita,AM,2026-01-01
d156b6d121b154d0eae17d8993d4dd40,755751fa93cd2d53adcd3f55b2fcab3a,15370,pereira barreto,SP,2026-01-01
690515766f9073c82cc07cfa11c4fc11,5925dfa8cd87ab4d852383f7039c8bc2,04271,sao paulo,SP,2026-01-01
3ac33dfea62e0b085b5cfeb64bee5f21,fc8082a08a30524173a53dfdbb800e0b,95960,encantado,RS,2026-01-01
0fc25a3451d81cfe409466e229afdbb0,43088e9ae1468ae7f8f6bd222b6a7329,12080,taubate,SP,2026-01-01
00f73459a4d3be97ff307dc869da0aa9,f0e721656838e4d20a956242308007c7,04571,sao paulo,SP,2026-01-01
b3c3c1b58dad3d55671825fe3715321c,40d306efe27702bd8ecabd6c35f32ddb,40155,salvador,BA,2026-01-01
4f28355e5c17a4a42d3ce2439a1d4501,4acce2834231e13b1514915adda5ec2b,21910,rio de janeiro,RJ,2026-01-01
f8975f0842ae1e4670a410a02b1b5053,83d1d424c386ddd0ee98407d038bcdb2,02185,sao paulo,SP,2026-01-01
271f76c70ce217ee656713b99097eaef,6985e81d9007fa0eac3c04a9752efd6c,91750,porto alegre,RS,2026-01-01
9c2f403519bcb363683a7179f0f94bd4,dc83fe8f72fb4388f079a2f9b586240c,08599,itaquaquecetuba,SP,2026-01-01
6a3dbc73fd55e0c6ecbee56656482225,972982ede3727673962ae6e5ae515166,90660,porto alegre,RS,2026-01-01
05f1c2a8e913a4084727ac728bbdbec2,9107708e80782c0f6ccc2b607f5f2a6c,17900,dracena,SP,2026-01-01
d436bce514752338004b26a232f21008,f4c01ec1c1160a873642b614ebd6d72c,37476,cristina,MG,2026-01-01
dacb079d55ffb1d3955c5d923df3ebb7,12cc890391e57d7123e004856ff1f137,50090,recife,PE,2026-01-01
3ce8f9a70471f7eb4e9f4de10402dbec,9849752e9f7a2aa67acc5ec6a5eb4725,18604,botucatu,SP,2026-01-01
cacade100f1ef4bb325438538d726a76,0d75e26f60500a90bbf13fa2b9af61cb,82320,curitiba,PR,2026-01-01
ddbd5d378c4a0981ba1ef29fb8e40b8f,74182c655b0270d9dde23ca43bb16a2e,75533,itumbiara,GO,2026-01-01
369ec69ef76c47e51980b88a5740dc1b,1acfddcc366d45e07b84eedc46282cdc,48990,andorinha,BA,2026-01-01
68c85132eb3b96fbe6cbddc09a568d24,2df79c0c80c225d537833abb01a1a8ca,04216,sao paulo,SP,2026-01-01
aa3d8c9eec8e52e90b117efe5e97a560,65daa8af71675f5b6e90b235f029438c,13165,engenheiro coelho,SP,2026-01-01
cb85fd1337a9b227e49fbcb893babd71,9b953c95d48d666d4a7da3aec936f1ab,13416,piracicaba,SP,2026-01-01
ab8844663ae049fda8baf15fc928f47f,02c9e0c05a817d4562ec0e8c90f29dba,08577,itaquaquecetuba,SP,2026-01-01
4229505b5f66e1c3cc7cacd14af16a8f,54d97c70f72815eae0f2538364774a7a,06765,taboao da serra,SP,2026-01-01
5471b1f70a167766bc7eb4ed0f4d1b8d,1d94328e99e3a20baebf58fbdf717dea,59082,natal,RN,2026-01-01
38ccd077e65d89b8a720be73bfaa9c6f,4521ca49d47fa50f2b98f0c71cbf5ae7,99615,trindade do sul,RS,2026-01-01
218874412ede29f4f2cf826409ad90aa,61b262310a6e93c6b63efa804ce63a7a,20550,rio de janeiro,RJ,2026-01-01
15bea20cd005ed59d34db54c6b32ec98,02c639f8dd288caf7cc6dc66513c23b3,35610,dores do indaia,MG,2026-01-01
48c83ab1910a8d95f8702dde180d658b,33d5f77e44abcb42cdfc86854e5fce8c,08560,poa,SP,2026-01-01
3187789bec990987628d7a9beb4dd6ac,6087cfc70fd833cf2db637a5e6e9d76b,88780,imbituba,SC,2026-01-01
bd13582471af02ce718568d9cf8bbd93,ecf3b5c0c40d0fe49084ec3a467b952d,11706,praia grande,SP,2026-01-01
cb1e2bf26acb98ef66bb11447a218cc2,6fd9de387d337ad313a16b4c591ca753,41920,salvador,BA,2026-01-01
559f9d302aa523b2dd718e956f248db5,b4f36e3de7babd2a14f4a8d4a21d1eb7,04685,sao paulo,SP,2026-01-01
e30b71f331d7484590d41e75507583fd,8fbdbbd660038497768d62fe719a7919,28613,nova friburgo,RJ,2026-01-01
316540a76ab1fe860a9cddf7f2f6717a,8234ef6394990aa58bc7078911f82f1b,07175,guarulhos,SP,2026-01-01
e413b51d04fdbe619c2cb28cda3046d6,7aedba48051dfe957b59e5d052c16f71,80610,curitiba,PR,2026-01-01
803ac05904124294f8767894d6da532b,34c58672601f2c6d29db7efd1f6bf958,38650,bonfinopolis de minas,MG,2026-01-01
8628fac2267e8c8804525da99c10ed0e,7973a6ba9c81ecaeb3d628c33c7c7c48,85555,palmas,PR,2026-01-01
e05df6dee2d1b0a7782f771120b9e826,9526faf43eb079ae6eb94cd2fd8982c6,07953,francisco morato,SP,2026-01-01
33a366be73843c5da3d68f3d3427afd6,f00dcc95289fc9d9a4938889748b94fe,97095,santa maria,RS,2026-01-01
7c5f8c2e42af586aa1b1cc8d6bc40732,147324a07e96b3cfb515d94137b4a327,12245,sao jose dos campos,SP,2026-01-01
fdb50c069d85c482f1ecfde317595741,18c75282901f7db1fe38e8c9a3ce4c12,87120,floresta,PR,2026-01-01
02ed2cff54eb047cdbe79dd0535945d4,757921c3d0047781031e9bcbaf2c393c,05119,sao paulo,SP,2026-01-01
c39bde0d4030d5e31e654f0c20db9786,8e4404700874036dbb2c606039875e1a,12243,sao jose dos campos,SP,2026-01-01
661652a4ba9255d6a913c339ee78d5bc,8990154c8645a3efadc9b01e1891d255,04421,sao paulo,SP,2026-01-01
a9c9532060c9d245f06526c633d2dfba,5f38cc36e507c4d880489be38964af19,27262,volta redonda,RJ,2026-01-01
fc6408fa8083f3c01b1f287709714321,6e94cdf4b593972f9d558b3d0c036851,37704,pocos de caldas,MG,2026-01-01
98748c370ddce9072c32164a357de627,19473c6ffcf611d71a7ea7f03a17f6dc,22440,rio de janeiro,RJ,2026-01-01
4fa1cd166fa598be6de80fa84eaade43,68954feaafe4dd638f3bd3e2afa174ec,08473,sao paulo,SP,2026-01-01
027efc2251512b9150aceb9a5e5b7f53,9e8876439507a7c603809927dd6ef09d,88303,itajai,SC,2026-01-01
bcc8d940cce330c07102f7857ae2da79,cdf40f3d0b93839f37972934deda0d65,13479,americana,SP,2026-01-01
d68901955dc622165460ba6cb4ac49f3,daf7dfe5576b8c581e8353aa8608a008,12954,atibaia,SP,2026-01-01
156a795ddee88514dace920fe888c46e,6c5ce6b9d419df2b111d90a6e85a10d6,02993,sao paulo,SP,2026-01-01
da82d24c21654f951fedc813df8a5dc6,645d54fc2f9c61166cdac23242542979,89015,blumenau,SC,2026-01-01
cdfe21141f5df77ba0fb20bef6621a9f,396e89f9a8b20de569b4f649539028db,08421,sao paulo,SP,2026-01-01
330ca6b207006779da875ef48faef608,c3fcf3b664801fe10c4d9f62ac72b21a,02671,sao paulo,SP,2026-01-01
5ed8d20445c356efaf39b27949caa8c3,6f5b9e28a0abfb51e391191320d33a56,39801,teofilo otoni,MG,2026-01-01
0728f6d108255cb411a50fb646c3c7dc,991b34b2a28841c492dd1f8567935ced,45700,itapetinga,BA,2026-01-01
0e8ada3654b94e0d569b44233db3c9dc,430205ab3bd4700f1934a49b0f6c610e,71503,brasilia,DF,2026-01-01
660e0dca520294ab5ff435d0298627f9,f2beb52a2427676390b75433a5a03bf7,66630,belem,PA,2026-01-01
cf8ffeddf027932e51e4eae73b384059,6cbe8a392b76916e84c2faf69d0d0da0,13454,santa barbara d'oeste,SP,2026-01-01
bab0c43a2325bbc9ea398b00f8db0717,7c74eafe37979f7cad43c4cae0769b74,05136,sao paulo,SP,2026-01-01
48558a50a7ba1aab61891936d2ca7681,42f80af2e6c585667e4eb416859ae153,39370,jequitai,MG,2026-01-01
b3519c0352b07bc3017acebea4ce6724,1e85d1d3ecbe271f8410d13ce6bc189f,12420,pindamonhangaba,SP,2026-01-01
18ad705482141f60ad05945506ef2b9e,37d2d1ac62901f9a36cff32ca86c9337,38400,uberlandia,MG,2026-01-01
7093250e1741ebbed41f0cc552025fd6,cadb385cc1299451df18febff40aabc9,13056,campinas,SP,2026-01-01
0c7a95280b3f80eadd81c829e093dbec,46a5335f5fe2f04744ec3535fc6e36f7,65066,sao luis,MA,2026-01-01
2238c417bc745d8fa7d7389d8b22154b,2990f218665832600f7180650703052d,21011,rio de janeiro,RJ,2026-01-01
33b0d5c2438d9cd6426c6568dfbb908d,5824772f55a94d6c06cbd5df136f5ba4,88331,balneario camboriu,SC,2026-01-01
7df71d1652cfba8b2a70cf665c960f74,cb644c8c88c4705149fc0c7dd12d596d,85950,palotina,PR,2026-01-01
6ce9b26c054b6e299e017f732a862b87,2d38f064a1ddd82c8c14beadb7bf0c38,41620,salvador,BA,2026-01-01
71cc75a603db03ef612d52f9f223e68f,ab1ab390f31be556889e96b7d19bc610,55670,sao joaquim do monte,PE,2026-01-01
60ed0bdf61ebb2ee39c9b7fa7dbb9ee6,99f8895e8d1d341a655d0800cb5590f9,13650,santa cruz das palmeiras,SP,2026-01-01
b896b244963dc7543d400ad82d6710e0,3d8614b1f25530eca12661dc8b10a2fb,03962,sao paulo,SP,2026-01-01
95303e4c9c23d67877e4b20afb04bfa8,ffc142edc6bce329c6df0006387a5a77,18020,sorocaba,SP,2026-01-01
0b70134d7e2d9773897833e933c6ec5b,93360190b9375a40b65720ee99387a4a,87005,maringa,PR,2026-01-01
a4156bb8aff5d6722dc68f605d8fa241,ff755148365a0062374c353946b68aa3,35138,alpercata,MG,2026-01-01
4d493a5e3a53373d3bc26a01575a71dc,9b390e923bbf7e3edc2bcb93d8707355,43700,simoes filho,BA,2026-01-01
6b74fa3521fe75edbeff9948022f13d1,ee3944b64a4a9207cf551a5fe12982d1,38550,coromandel,MG,2026-01-01
b4214b2e14c916724d94efe51fcbd1f0,1eaa53faf68bb4c2a2d95a56b63aa8b1,74533,goiania,GO,2026-01-01
c8d8df677303b51ceb3ebd595969502b,eca99c7b0bb707d3f08b027e8994b79e,17340,barra bonita,SP,2026-01-01
68b315ac209c92f15ec1f364f5d45e67,afee8d312f30964ff72528a719219034,37010,varginha,MG,2026-01-01
2e21846cd2112929ca821e9716281192,449ba149df652b663c8a8605eacb146d,13212,jundiai,SP,2026-01-01
8b212b9525f9e74e85e37ed6df37693e,f4a7ef6bd931f83d75d83b71c94e90df,13568,sao carlos,SP,2026-01-01
6c347ef65dd574fb9c2d654c3650fc43,6a0a549e7d20a02c112dc6be0c395a51,55375,calcado,PE,2026-01-01
c77ee2d8ba1614a4d489a44166894938,9c9cef121cb812cb301babddc2d8331e,38067,uberaba,MG,2026-01-01
a06d5e88e559441070e2c1e9d4be49b0,6eff1cd9cc7f4dde6e1cbb679e219a50,21321,rio de janeiro,RJ,2026-01-01
35ec6c1ca9e5844c5ca94214cce16dca,b854c56e1163bced9c3ebf1e4a6576f3,36021,juiz de fora,MG,2026-01-01
ff20530ce012df37828978c25f3dacac,cec2d86889f4d9a19aeec4c8d4e1beae,07232,guarulhos,SP,2026-01-01
da757be0eb9978feb09365ed3bdfc679,663d5a1d3fccfad3a3c4574072794a8d,16370,promissao,SP,2026-01-01
be8c14c16a4d47194ccdfe10f1fc5b1a,c86a25b8f5f6c203bb3471553bdc3200,13157,cosmopolis,SP,2026-01-01
8563b07a84656ff32968702daa37c468,b8d95b1bc28f71750ada508312f1e176,25271,duque de caxias,RJ,2026-01-01
99ae056139c928155fbb6789440c8824,362f74c1d6e7015625b8464d05a8a149,03520,sao paulo,SP,2026-01-01
c3de914e671cb1e98797f42b2f797274,4268ba27ab73c81466d3068e501223a3,08579,itaquaquecetuba,SP,2026-01-01
5e320e6a4f03e2e74bc22e1158237fbe,8a2530b1bf32235ed2636468ea0b1582,95012,caxias do sul,RS,2026-01-01
9ce1401cf82bd5420fe255e02d6292ba,cabd6d095f9967f7044473021795247c,06362,carapicuiba,SP,2026-01-01
d954782ec6c0e911292c8a80757ef28d,2adaff8e437d7153f3326cf14187d821,06519,santana de parnaiba,SP,2026-01-01
3957cd0afb5bb497ebba4cc825703737,2e9fa6156ef798653e721237123f372b,88495,garopaba,SC,2026-01-01
e40265c6ceebf38ea830b695d9340bda,f2a84e3bcb9db0d7ae7f66c23f6a390d,37350,liberdade,MG,2026-01-01
993a76ab0714792eb45d4ebdd58e9a1c,773d6a126278eaa169f2daeb9cc23ef9,85960,marechal candido rondon,PR,2026-01-01
9cd169cea5076bf383e40a261d7b7142,c672c78ba400adf4deb64f3aedf65cb0,13060,campinas,SP,2026-01-01
e07792fb0958a7d0faff87fb1aa58f8e,67bddde1844b238fe25995cde1612b4e,62665,sao luis do curu,CE,2026-01-01
9a28e3a685c60162824386a74a34771f,9eed794c3e994632e1d60d9983f2cbe6,25520,sao joao de meriti,RJ,2026-01-01
61449fa1b8b8998c9c3f3a7f0ae954ef,d2f122bc3109d7fb2385daec2d6ef7f7,07600,mairipora,SP,2026-01-01
511565b2987c19e165331306886f10f8,da76149820a35f0ef7ab70037d9dc9c9,03922,sao paulo,SP,2026-01-01
42bb82a17b70bebcc6090d38d894ea3f,0f524b9f56efaf32d066ef999d95840e,93310,novo hamburgo,RS,2026-01-01
243ee97e01766bf68c3e30f0fe572490,2c613e1daa937ba2dda45140c410f48f,13221,varzea paulista,SP,2026-01-01
cf801016b25bee7696b5f84e5c944b34,bd27c65e0405e162422cf80ab58aca59,25275,duque de caxias,RJ,2026-01-01
01b2ab1c903b4ecd0442a3ce48d89caa,b20060de6cb6e49f4fbcf32a9effb25b,07272,guarulhos,SP,2026-01-01
8eab8f9b3c744b76b65f7a2c0c8f2d6c,e4000306cf2f63714e6bb70dd20a6592,74595,goiania,GO,2026-01-01
12ae89712aa5a178c22147486d3cd310,3b9e2937de55d40ff1f7539bee704b40,20720,rio de janeiro,RJ,2026-01-01
24d47eeeee1e60eb5caf099281d0b3b8,e88522b2099d00ffd478720abcaeba48,28300,itaperuna,RJ,2026-01-01
f5618502bee8eafdee72fb6955e2ebdf,fa0ee7ceb94193fb02aa78ce3a55695a,06395,carapicuiba,SP,2026-01-01
8dd1c4e88c1db62830ab1f7c56b6ee42,479d6a0c8b13debeddbe4129756c6c68,98794,santa rosa,RS,2026-01-01
4d225460f83ea2b1ac705ad1d5eef02f,1a2d84203a039be469e1e754f4b8b0b2,29146,cariacica,ES,2026-01-01
0966fbba1c0e8c5e26e31166c2fd3ce8,80c005e764b7eb039df094f0c3e22c70,74643,goiania,GO,2026-01-01
7ffae0a2b02796d8e66fdbf0fa6e08b5,b289291bcfd0b339685b14bf220db3ad,12242,sao jose dos campos,SP,2026-01-01
d022cc2c5b40e84f1c19866f337c7a68,bbf0d1ddbf8bd44d192f056919e9b706,86802,apucarana,PR,2026-01-01
acd575d7382968889f41a5a3f37510dd,323c4e9d78f774df9255793377ce636e,77645,lajeado,TO,2026-01-01
2ae1291d11904be5f9315472cc178cbe,62234bde75e95fb025e2499a0a3bbc2d,06528,santana de parnaiba,SP,2026-01-01
3df704f53d3f1d4818840b34ec672a9f,04cf8185c71090d28baa4407b2e6d600,05271,sao paulo,SP,2026-01-01
f06a94a401e52fb019c72f2e8bbf6a2f,d4b1297d645ec19df4cd0af8cd6fe14a,48410,cicero dantas,BA,2026-01-01
b6f05b99667a02c3722610a7bb6b4062,d3940a0df7ce0786ee2c5a68f8149f91,18570,conchas,SP,2026-01-01
fb9590a1e30e0ba8304ea73a31325797,4f262a3ca91e56d568fd13240c3c3652,11740,itanhaem,SP,2026-01-01
4f0986f70a792beba9dcbf15c32ecd87,8435888e6fe36391280b28b89412fabf,12308,jacarei,SP,2026-01-01
a6d8c2fa92836346256c28d885d9eea0,a5931be4783e1a1dfbda5c6e145d96bb,02845,sao paulo,SP,2026-01-01
99907dc980230daa7bc0c7e6fb0b08fc,50343a5529a9ab46eacfd1fdc387cf0a,40285,salvador,BA,2026-01-01
ab23dc90e86086221732547085a7f9e3,5af9e3c7acac75b674e2a7510bf32f69,07432,aruja,SP,2026-01-01
67407057a7d5ee17d1cd09523f484d13,7cfba6e55439cae3fd2479d62fafe67f,22240,rio de janeiro,RJ,2026-01-01
af5b08db5f1a31a3b6856a8a6dc33167,cd10a74ff01ce316302e0db00e90ccb4,62620,iraucuba,CE,2026-01-01
660c817af06c2d842014a12d5871c1f9,d89190fac424f73403381fd7ab645e05,05108,sao paulo,SP,2026-01-01
23a892e7d6549061e95045636c1c338e,308f0a729f3440afc0b59c38f133a8f5,14051,ribeirao preto,SP,2026-01-01
a9b67ff10261665661f54c364e82d9b2,05bc8e1bebeff93bdf784213a7aed5d7,17022,bauru,SP,2026-01-01
957f8e082185574de25992dc659ebbc0,07d5b1f9bdd053347f0213187b343ac9,03531,sao paulo,SP,2026-01-01
bf59771b1ab3559105d03691c8c99794,cb2d00950f18d7d8f7fcfc8cc3a173b7,15685,ouroeste,SP,2026-01-01
1181d20ba074543832905275fd087e73,2fc9a64ae672512016acd52bb0d59c61,04313,sao paulo,SP,2026-01-01
d265ebaf9a745999a30e6a9eb778fe3f,04ecdc3e754a48294d832436960a3280,30865,belo horizonte,MG,2026-01-01
4146dd1b456444cd54142b5a7c4b9405,9160831db912b9fb5f89d075588d68a7,14720,taiuva,SP,2026-01-01
d68585c54450af4bfc04cc6cccbcd607,fbe53ee8a67e9fbf5cdb52d888701527,17206,jau,SP,2026-01-01
32fa597a3b06db1949ee96c416335b6b,bb477df0c32c10ffaf2b2c5e81169f20,45140,itambe,BA,2026-01-01
afb19a4b667cb708caab312757ec3d3f,a7e7b19ff34ab885f7b7331de2417cf3,78043,cuiaba,MT,2026-01-01
2c07e5f16a6a9c98a3837783b7e6fc4a,637083b346bff4660523a74fc4fa8b73,78705,rondonopolis,MT,2026-01-01
d1460df3c5915f60fcc35d265ac392ea,7fe369a374dba4f97910c97f42cd6d6c,23047,rio de janeiro,RJ,2026-01-01
148ecba880f508ca2d5b6744b6a7b6c5,344fecfc1b158f40bd95550e62547fda,36420,ouro branco,MG,2026-01-01
a2f475be29f915fa902863f62308df8f,aa2ca40652b784ea8e309f01611e4ab6,21610,rio de janeiro,RJ,2026-01-01
c4e12dfa6412f54cb99c38787dca987f,f89f986f723349c377779c8197fa7ce5,04174,sao paulo,SP,2026-01-01
387752a856ae611e11987f531cf59966,b224df8756a4e80f5598fff21316b833,15085,sao jose do rio preto,SP,2026-01-01
08fe63b02e7e846c85b8a49b9fd540d9,29193837afc61c50550bc1139e1d822b,80035,curitiba,PR,2026-01-01
640246e27e1df1ffe19d062550d0d5ab,e8a7165667b5a473e0b04dae68d6b88d,28909,cabo frio,RJ,2026-01-01
fda187c74a59672dfd4c786231565791,c48f157c4de3d58b5087490cd61d97a8,30421,belo horizonte,MG,2026-01-01
2c8be64d4c648b0bbf8412c53761ae27,0aadc1d26d1c8b88a52c39a533ccea93,40055,salvador,BA,2026-01-01
6df6c2eeaad604627aa688ae063741b2,174f249b4817e23ef163ba88fff61278,90230,porto alegre,RS,2026-01-01
3e5d28a6beee2449a50a07da9866d2ba,097442a1538f33ea89dbbe3779fe6db0,35200,aimores,MG,2026-01-01
242b387a8eebcaf8ea3c588cdc79eb5b,14aad6719aabc250f03de3beb57ad2f5,25660,petropolis,RJ,2026-01-01
933bf00ad9a4f8bfd36bd85e09bd6cba,4ccacf05f1c687822fc379cec1a70493,04401,sao paulo,SP,2026-01-01
b84438b09aa33a6e08673fe173f9796f,99ecf7e96d410a094bc95f5d3cb9d98f,01423,sao paulo,SP,2026-01-01
bd2215daa338b34c697773ceff4e013b,fb485d47aaf4805284599c09e8843809,40301,salvador,BA,2026-01-01
2c5491a76ec0a56db58282ea7ae70617,a4031c5f35399c228a1cd7ed7431fd02,22733,rio de janeiro,RJ,2026-01-01
9f4c898706bf2b467ace0539e0319fcc,350e8172d9a1ed3cea31f50e09de726f,38415,uberlandia,MG,2026-01-01
6ee311afc0adb5663ad53868d46ba39d,089b7f0bd3654dae116bbef61b197fea,11700,praia grande,SP,2026-01-01
ac4e328e156057d602bb4d7b146d5468,b7691a211ab550e0b5f3bf33ade5f5be,07041,guarulhos,SP,2026-01-01
d9abf57c9a7f1cd9865625d2cba96053,34c13cd5451e9a2b8dcd0a2260ad631b,50731,recife,PE,2026-01-01
6dbe3c4683c66130a8e242bf4bb218d9,2a151ec82fd8a1ca7c3e212651ab5b24,22793,rio de janeiro,RJ,2026-01-01
cb1b31ec399f6183dee790a4c349e712,2fe074ea3cc24b8fd57d29effc995f8b,01409,sao paulo,SP,2026-01-01
2f005421793ec9f86d5d654b8af675e1,bcebdf69569a5b1cdbb67ebf178e794c,04653,sao paulo,SP,2026-01-01
caded193e8e47b8362864762a83db3c5,08fb46d35bb3ab4037202c23592d1259,13215,jundiai,SP,2026-01-01
eb3203704b8613482fed4eb17ea5d66a,16c5ef9aad92e31e119f7a202272e6c7,08940,biritiba-mirim,SP,2026-01-01
be0db8a12224c280772baf2ccb468e5e,6898b2273c4c2e9f697bb597c7df0837,51020,recife,PE,2026-01-01
43831164a0be75b0bd8fd92cc8c6b232,db29571fb751833b8e3d9733d8a93000,12328,jacarei,SP,2026-01-01
241e78de29b3090cfa1b5d73a8130c72,c63e44efa43f3947087aee96b388d949,04658,sao paulo,SP,2026-01-01
6a4ea2081853cd8dd8d7c69cdf86925a,f64ee7b44a9c2170a0db74d6bc3d1ba8,28027,campos dos goytacazes,RJ,2026-01-01
ee4a4b5842e03fbaff366b9459e08b95,4b154e0720d0923cee4489015af0f662,24220,niteroi,RJ,2026-01-01
2d8748fb35d51c2fd273ee67fff78b7a,a3d335d8dd759126b58367c6053bb20a,80010,curitiba,PR,2026-01-01
f7398fc942c8fa80e5419ae52e49f7fb,d01cf8c6c7c836c5dd9320585928f42b,06414,barueri,SP,2026-01-01
62b423aab58096ca514ba6aa06be2f98,9c9242ad7f1b52d926ea76778e1c0c57,18052,sorocaba,SP,2026-01-01
228fa0775b9f2dd5df796a94425f18d2,b8f9ecc7915ce653a1d7ee6dbfe8f54d,06768,taboao da serra,SP,2026-01-01
494dded5b201313c64ed7f100595b95c,f2a85dec752b8517b5e58a06ff3cd937,20780,rio de janeiro,RJ,2026-01-01
a0d430c59b700550f20303fa1d6b2ba4,e17408e3713638b24626610417449cb7,22710,rio de janeiro,RJ,2026-01-01
25175de148ab2040aa6fe34ca5eb0d15,5ba20615a231459a4120721fec77e635,03816,sao paulo,SP,2026-01-01
e28dd4261bed9c7ba89ecaf411b88f7c,b6aa1d5781553afaa244c3e42246d93c,88302,itajai,SC,2026-01-01
d1c40bfb050a09047a4c4426fe9a2893,a3715422134e4c66bae42366fba591e5,32280,contagem,MG,2026-01-01
63d3bc89cf22616c68960d0d11258a5a,ce78d36a92c8c804a0598c086f5dbb54,04943,sao paulo,SP,2026-01-01
35014cd0cb1b0f81a7abee599b4d051d,2ae8fe87f03b04a0154ffa68276432fa,13041,campinas,SP,2026-01-01
d4c5a2a1316f738e72e179d6bb3b6d8f,b0608ebf65dbde33b45973a50e9f8965,04552,sao paulo,SP,2026-01-01
4afc1dcca5fe8926fc97d60a4497f8ab,a464f750556546a0989d9326ec003ccf,08220,sao paulo,SP,2026-01-01
62c4b72afa074a0214ebbca36c89cbcf,a38acbb1f0ca4266b66805e1350f346d,05445,sao paulo,SP,2026-01-01
4e7656e34357b93f14b40c6400ca3f6e,ea870f4fdfd85ac98ab775b76efe3143,23065,rio de janeiro,RJ,2026-01-01
a94259e3111386ff1ae6f1c3712fe6fb,f5cd72e7209640c294bad4d57f4f7772,70297,brasilia,DF,2026-01-01
525bd2d51afa1e21386ca55e0d0e2824,51be608e99a9d07f3dc157ab3f984f2b,38183,araxa,MG,2026-01-01
761df82feda9778854c6dafdaeb567e4,1428917cd397d4f9ac0fde76dd6f2266,69317,boa vista,RR,2026-01-01
e1f67a370030c2c5695ee3f95c44cd90,fed9ae71404fb97d15c821adbe64feab,57082,maceio,AL,2026-01-01
8d7cf6fc4668c48859673a8e0fc8fa6a,007953b3182d5ccc9189a694f5c68163,07084,guarulhos,SP,2026-01-01
a14b17e55f117e4bf24cdd9d0e586c35,d71a769963b2c890c06e83cbed137a43,15500,votuporanga,SP,2026-01-01
a1acf95041edd043087a040e89449636,191525912e1a31a97bf8b481ce852f75,11712,praia grande,SP,2026-01-01
ed034127e0801850ca9162dd9de7a106,ee3575d8ee7cd3251e3efd6f9cf23fea,75071,anapolis,GO,2026-01-01
5232c22d7ed2b631db6b2cab74b2c5f2,ff10e644ac8984d7e9fcafd5adf1b8cd,14090,ribeirao preto,SP,2026-01-01
627b92adad5c3e29a2c4518bfcf13fec,c34829c1ffe2887992efcf51e4e02b31,77405,gurupi,TO,2026-01-01
8afb90a97ee661103014329b1bcea1a2,7ac26eac431c6848694a2de6f0327524,75123,anapolis,GO,2026-01-01
c2ea1149b67ac4b480ff15b3b31110ee,0920c55955b78533a8319ad1d08baa2f,30240,belo horizonte,MG,2026-01-01
1ae196062dab95e434e781a5319f0ab9,02e9109b7e0a985108b43e573b6afb23,04902,sao paulo,SP,2026-01-01
05f92287b410b4a1b426167861698d3e,b512b0686fca0440147aa0709672cd9b,60160,fortaleza,CE,2026-01-01
ff9c535af2f9325df8f3c81f30f60b8b,9da098e9a3edd7f640205f03a340a821,76550,porangatu,GO,2026-01-01
d929280e89af72c9509d90a5912adaa4,c05813a7cd3de5d467c50fb22e52eb2c,13330,indaiatuba,SP,2026-01-01
9e5ce657315b2bdb94033a494041ac25,51cbfa44126505de7a55fb99ba49648b,88132,palhoca,SC,2026-01-01
4a00f00d951c167739888a1f16c56e8e,d02cbb85434c84acabb8e81bbf064d3e,13920,pedreira,SP,2026-01-01
1f184001b4cbba29eb3ddefd7b0a195b,f4089943e1529aefcd2733e1eecf877a,88010,florianopolis,SC,2026-01-01
a2ae1a05b2058776ab0138c75da742f8,9dadf198dd249e1f37323eab5c877c20,78690,nova xavantina,MT,2026-01-01
0d49e6cf6c6049404ab247c5d1ea4aa3,639c0608dce3b89a89bb5a9077dfec48,59071,natal,RN,2026-01-01
e8f72a39e55da80935caccd9abb4d831,a7bebc53acf7b2c31550f06a58076d17,05861,sao paulo,SP,2026-01-01
94f7f1cb719dd707fd437e918d282537,977136c10acb01bd9cecb7d18ff7d1a0,09941,diadema,SP,2026-01-01
997070d4812561b1a8ededcbb6c2429e,bd9849d9ba9ac9f05f53f393b1c85744,13068,campinas,SP,2026-01-01
7ac9814735089053e51d2756d3cdedd9,9a6032bc6bbfbf84eb4d55660786ce17,83390,guaraquecaba,PR,2026-01-01
1bb26cb73f617c0b4eed520cc297ea8d,215a9975430b79bfc8e836ca2dcffb92,29138,viana,ES,2026-01-01
4221d4ffdad18996eb11c8a829d6a073,482749eee2cc3b294f4000e3e839c247,32242,contagem,MG,2026-01-01
3740f4d0edef80f567eca55830ec9e8f,3cdb97c7026f8956cc2211db2b19f270,03261,sao paulo,SP,2026-01-01
c5064807abdc55acd37860160154ed1a,f80125969d737b5ac29b614db66034b8,05135,sao paulo,SP,2026-01-01
80f70f0ca0bcd19bf71e848e51206d68,5ec6ec6338fe161e42b765f5ded9d69c,29182,serra,ES,2026-01-01
c25122206bfcb3ffa950706e1cb10f2b,2b0d2a4ffe3906cd18019c2463cfeee9,13348,indaiatuba,SP,2026-01-01
82f6d48ad3a75669934efe3988ce9b25,f4a0b070b5295e861853a30bd868296d,05181,sao paulo,SP,2026-01-01
20217ca968adf8f08c5916bf09c33d7f,1b735182e76aa01a60c544790d9c5efa,66095,belem,PA,2026-01-01
9a80c8377644236e27f59e83862f1ae2,0a11a4d0e9f9e864f03a7451f0f255b6,12970,piracaia,SP,2026-01-01
72600f002ba1550d6432cb91464f6969,d2f6222b5ebbed04f944b47c66d88326,12322,jacarei,SP,2026-01-01
03b3813a78be4cf5205e70977ad78d29,8941047a0d54f59366a66ba79806ae9b,86600,rolandia,PR,2026-01-01
48f239e15744ed5e7ffbafc6bb6e882b,169381f51e4c3e926ef199364aeced22,41830,salvador,BA,2026-01-01
d1240cdcdb9e6f08aa9a329bf1751c0e,657b9acae4845d34e8766e84be3de88b,12929,braganca paulista,SP,2026-01-01
e60e08d06effbf35575193d851fd8007,78130fb0014a1ecce98e7faa41b6f06e,95660,tres coroas,RS,2026-01-01
0fa5382628eea6bbb19fde8b076dfdfb,ad8afaa36c68da1bb75598c756c1148e,29240,alfredo chaves,ES,2026-01-01
cf9e2b07f78cce347089900f49fb4746,cab5ecc01e69aac95f48b619eb40a882,04508,sao paulo,SP,2026-01-01
1224a9f43655b57c469ab096e6ba5dc2,fc99cf02242e9883997db66f863ab742,25900,mage,RJ,2026-01-01
50c065ad9fbbc477d28bbb56dcb61600,32bd7fa6d305e3c9a073ec9f2c5a49ad,39530,rio pardo de minas,MG,2026-01-01
77dccd21b005b20fc1f1418c979ca354,9fb86d78b0db13b64af3089329149fd5,71645,brasilia,DF,2026-01-01
5957d9ae822bcbe88c00fb8286362339,30cf132fa42d1d4434e6b51827b81491,96206,rio grande,RS,2026-01-01
90065cd5c7c581bf099b1b9bd589a3fe,e8dffc994f5e11c852b8706c0470ce53,37650,camanducaia,MG,2026-01-01
26495cdb066f046945177209f10b67fb,7141f12f335b30c6d8ca881d9f330c69,32470,mario campos,MG,2026-01-01
3487bedbddf4797d7308d0aa43dcf30b,9949e007c1f037474a3423372cccb701,23832,itaguai,RJ,2026-01-01
4a2d2e5f1e7d78c701d998b92fe72bd7,bc82228a4f5fceba5b14a04cb7b4591b,02372,sao paulo,SP,2026-01-01
82f0b75bb50fcb30711e5277e36b3983,4a8c8f751984985cd49f74249da95aae,08485,sao paulo,SP,2026-01-01
973e21d9b220229aedc9ac566294568f,7aa123fb08cb845c66e2d2bb3dee879c,22410,rio de janeiro,RJ,2026-01-01
3e87356efef361b40b30fd699f9e5638,2d3c25ea3f9a4d5136a7ff272b1b0ab1,13043,campinas,SP,2026-01-01
d0e6cb83a3fc27f56be011b2941f54c6,e1858db871ca0cea6d07b5413f450048,30720,belo horizonte,MG,2026-01-01
a7b54e5d33e657bd68a2d411fbace435,aabc3cb2442d5fde20de031b717eee8b,13025,campinas,SP,2026-01-01
0f5b40f9925b49675464fb74869c6547,071bb277b0146da77fac31e70657815e,22020,rio de janeiro,RJ,2026-01-01
c1055f5a8a55684492575d082da04127,e9e222c7329e066228c28fbf0bea98ec,22050,rio de janeiro,RJ,2026-01-01
41a0f53af758a122ca3c491b62ee4949,c948c3a816a6721b2f9d51380f803c34,13972,itapira,SP,2026-01-01
c5827b73d67d474d76a268f0dda54396,d97918f04ae8a0b8e8c8aa5be14b965a,05798,sao paulo,SP,2026-01-01
5a771152dd93d31af819d708942afec6,8b4e378f85633a53f78340e5692b8ba7,88101,sao jose,SC,2026-01-01
c6865c523687cb3f235aa599afef1710,95aec963a6193f24401417870b648031,07600,mairipora,SP,2026-01-01
1d06482d82c32c8752f4decbbffe7623,577f115bcda2b2d4448620beaa01f8bc,20540,rio de janeiro,RJ,2026-01-01
c178d6d544925594fafab0ba493cd645,d76441ab4a22e389561144ffafdaa19c,13068,campinas,SP,2026-01-01
712230fb56aeb8d9084bb813e3249a84,31cb8b5ae4d65859af8fc33b14cde233,15990,matao,SP,2026-01-01
a83a89abd16a03e6376fb659ca7b6612,9dddffdd447ab3aa654122a6a1049906,37640,extrema,MG,2026-01-01
01e0d4fb731e6ee47df3f3f179cc0a0b,9a47f3ac5c51599a24bb848c16ece5f4,05633,sao paulo,SP,2026-01-01
f5458ddc3545711efa883dd7ae7c4497,661a5e18a28b34880ccc60112f2b8e8e,62360,ibiapina,CE,2026-01-01
3ad37c1be46629ea6935f7eb2362b380,d1ad0a5f79589af17562cdfea4b4d8c7,13054,campinas,SP,2026-01-01
295ae9b35379e077273387ff64354b6f,f1f4f45c8602d0db1329eed1c8e935d4,19780,quata,SP,2026-01-01
2f9902d85fcd930227f711cf47012bdf,9676b88a7dd5de3db5ded00d7d36f1b0,02358,sao paulo,SP,2026-01-01
1faf89c8f142db3fca6cf314c51a37b6,1268b060098ed3f22c2e7c34cc72a1a8,38240,itapagipe,MG,2026-01-01
6ca4c791dfb84fbc05cbe68d7d7a95be,f99f864daa60fae827c1a42691f11d81,03211,sao paulo,SP,2026-01-01
47c42b50ab59928b531c450e672ce223,963b5a699e9bba3b80c664365386e69d,05835,sao paulo,SP,2026-01-01
7a7893d13f178fdf58daeff7347e2d94,a9a7ad094e7f664ee17a02d45257ddfd,11410,guaruja,SP,2026-01-01
314675b44a38443e4ba09ab0f462c8c7,d469ff90bd1e879cdfed08343ac1a77c,02209,sao paulo,SP,2026-01-01
3df7ff0b86935d5249e4d6cd56b89131,b5c758a46ae1c305aa9f913d3b895951,45818,trancoso,BA,2026-01-01
ac9fafb8efe7023c1126fc949eaabdc9,373cdc681e007b7c4acb534daaa265da,05084,sao paulo,SP,2026-01-01
80f93f1fabe7772d559a7c349667af0e,be80084c717389b7097326641a8a7208,06704,cotia,SP,2026-01-01
1110eb4465d18a9b7c632cfc80fb53ab,bf004b2b614c68e6d2401afc33741b33,04937,sao paulo,SP,2026-01-01
021ccba47cb1118dfba3213180ffb44d,a8bdc0d9ea28636ee0ada5b9ccb430c9,05877,sao paulo,SP,2026-01-01
a942d13c8e40155ee446ae0909993bfc,8c1a9f0c17eb22e956dcb66dde60f9d3,07085,guarulhos,SP,2026-01-01
ff0a44202beb5310644a0ea439973f4d,3fbdb765b8e1d5608f2621ef4b8ab863,04537,sao paulo,SP,2026-01-01
c305a666dd035c61be69f500d3a2ea36,ac5825d0d9072b54d4dcb8540b1699cb,87265,quinta do sol,PR,2026-01-01
6ba47b28c84367f0c27769d78f1c3adb,8bba2fac2cb38bfb0a323272f63d5f75,85750,planalto,PR,2026-01-01
f3d40ccfde2d918c886b7f2633a33d74,9e7a39dbb0cf16617bd4bf207c32989f,32223,contagem,MG,2026-01-01
fe55fedfef0683a529b51a9444214ea7,bf257f507db19138f5bc4065313c1f87,06764,taboao da serra,SP,2026-01-01
819b0aa9b717f6d78c0f72211bafebe3,87d406e4698a66118241f1f4a407ee03,04216,sao paulo,SP,2026-01-01
09cdb569d94234872c468f2711ca0f91,ae3759d2ee307574752179acccd595b6,13348,indaiatuba,SP,2026-01-01
c3d8fc500d86b1c961ee144395c13a57,367f4686d7112d69feed92b02a1775ed,88501,lages,SC,2026-01-01
207ac9416941d5b76d64875a33fe3659,3256049f46589ca9ddb1dd86043f3948,38175,santa juliana,MG,2026-01-01
22e62a7227eb91f93cb55ef14a20cbd4,0be23e2afd5c5d9a1c2ef6b033e2b17c,95045,caxias do sul,RS,2026-01-01
d79764082a836f215312d98c964ce478,ef2c223efd90366cb6639746cfcfc7ad,75080,anapolis,GO,2026-01-01
2386792ff4818fe030a3b1364994f51e,ab7bed4092cc3dadbaefba86cb45f37f,73081,brasilia,DF,2026-01-01
3c14bd3e2287a1b895bc9af622d3f79a,081e0e600cfd38bd7eabb583b2af18a3,60874,fortaleza,CE,2026-01-01
a4c79e8a9d9fcb82de5dddf33918fb47,399a778f5be153d30884026d52e5313b,95880,estrela,RS,2026-01-01
f3f0e613e0bdb9c7cee75504f0f90679,9f269af9c49244f6ba4a46985a3cfc2e,03436,sao paulo,SP,2026-01-01
f1b66f0324a631de414bc2bf62b5e915,ad85f34e57e670a213885286b6a6a93f,37556,pouso alegre,MG,2026-01-01
6454e6cba392b35aa21527063026fc92,3ed766ba830792bcc9ad889d2607eab7,09811,sao bernardo do campo,SP,2026-01-01
3a874b4d4c4b6543206ff5d89287f0c3,a25d5f94840d3c6a1a49f271ed83f4ec,21715,rio de janeiro,RJ,2026-01-01
229755021cdd010bc07d4f5b35c78ef6,28a9545ffe21521e8fa3870135873d50,13306,itu,SP,2026-01-01
da18c242eff18510c1df2f0337a9be95,5fd0cae43a6002e194fe471367ee22d2,13220,varzea paulista,SP,2026-01-01
ebfb3f2e532c37d5a959ded000c9f603,01593b828c6e7c516ed078a4820ab9b2,14875,jaboticabal,SP,2026-01-01
f3b9b8b6d11fc7c446254660648ca292,8dd26bfb2f0afd35e9f26f9704da080f,95690,rolante,RS,2026-01-01
449057269c318304d8a753f64c181b07,567cce4e47a422c4e6e2021a46c979e7,75901,rio verde,GO,2026-01-01
16c0be52bf7bf9069c6fa0d850c660ac,88b88849a236b3f007be551d5c10daf8,03638,sao paulo,SP,2026-01-01
c495ae8dfa83b158b111fc7b8304f032,55f8517e3e572aa06923169cf5d0b011,13480,limeira,SP,2026-01-01
99de3252658ad6466297273b6047f3cf,5654780522c8bd0731cc276d2e7185d9,03344,sao paulo,SP,2026-01-01
a625f7cf467b00ae83700201dce9a6d0,3ae748b0c0cf7d473b7acac5e07a05ca,75190,leopoldo de bulhoes,GO,2026-01-01
a37a37235d7b3be3e2f95747ca589bda,6ea03cf508c8426284b647626ae5dafd,05849,sao paulo,SP,2026-01-01
5883f965ac70043c2e908c3657c5d548,d0db8f74fe8af2b92d1e7159472874f0,73015,brasilia,DF,2026-01-01
b60550c21000f91484c7d2aa2b8c522e,311dff8c3112b3ea255ec4871cabaf03,95010,caxias do sul,RS,2026-01-01
f54a9f0e6b351c431402b8461ea51999,39382392765b6dc74812866ee5ee92a7,99655,faxinalzinho,RS,2026-01-01
64e006a132d86c9189f9656a1cb41939,caab2adae070645d3e3fd3f43533d378,28400,sao fidelis,RJ,2026-01-01
6fafe51f43d9aff93174e020cd452f66,78dac225c9b06836121cb53fd0084ccb,21230,rio de janeiro,RJ,2026-01-01
d4cd9729eeca5306a2c039fe6e55601e,8689753ac05594f16b97e8bd556b50b0,82100,curitiba,PR,2026-01-01
8f0b436a1be5cd29776f9ddb3bef133a,04e9d0d712ca6da77124d0ee12be1d6a,07786,cajamar,SP,2026-01-01
f384d3d46a938ede0333121a810b4d7d,698a9cafcc15cac8cdbaee64adc6efbe,29171,serra,ES,2026-01-01
e05a24d2c1d2cd3ae0482ecc1b4d069f,63386c87125fd15ae6798a09856e9eff,66820,belem,PA,2026-01-01
e3c94f7080293bcec3facb041c6d0f7b,a26e07ee73082b847d16239481de39be,37704,pocos de caldas,MG,2026-01-01
972e7c5340efc85efad5a12e49eff86a,1450ca0539e1e64a77c08ba841c8be94,13604,araras,SP,2026-01-01
cb633030180d869d7bb76aa783a78b6d,bdd790f120738cf7ae6c93b292f4dad2,04726,sao paulo,SP,2026-01-01
9438adb7579bb0133f0173f39f85ae01,b8a13301c527ebcd83e27cbfb7f06a9a,09540,sao caetano do sul,SP,2026-01-01
b80feb27fb4955a21bca55fdb039af17,fe65c76fc3eb742328d1401c521c95b4,06226,osasco,SP,2026-01-01
998dd72620169c5d4946a893f4f8152b,e139bc5274d13c4f54854f48b0dd25db,70384,brasilia,DF,2026-01-01
d1c6e90ab127d42b75ef2e548b4461ac,63ac99abec6ae9397c61293badd8a268,16360,avanhandava,SP,2026-01-01
9e3a06f863456c3934b9d26037c119cd,d2c89ba54e6cf93abd4ea9bb9e9fbf73,18682,lencois paulista,SP,2026-01-01
8397274a8680c08c3208912c33d63809,9eeaf54f02f98c43be6b0d01e3978660,15061,sao jose do rio preto,SP,2026-01-01
24c63a7108d652ad0ed85589c4575297,a65b62328b640dec0c6054199018fe2b,49095,aracaju,SE,2026-01-01
3d8cfa48830149a95028f6dc880e13eb,f3d96550a8adeb771fe53948521cf602,04814,sao paulo,SP,2026-01-01
fcba45767e1f02cc6c09f78e21e4e643,4829d76fd44a6f080411fdd7d81df23e,29162,serra,ES,2026-01-01
25daddfce277eafad87c4d28d71d8229,677e8fb8d35d03be1fd8fd461c60a1cf,86010,londrina,PR,2026-01-01
9ade348c95b66ce157cad614dc61fe1e,0aa7d3df6008a3d5aa9db07e65cef5d3,29700,colatina,ES,2026-01-01
d19813c8754cc82d0add67df8bd8a38c,0a289ff546b41e561b900c97b7bf6c78,04018,sao paulo,SP,2026-01-01
6133c673d6332117825558e7fbffba34,4dd1fb5dc901ff9a6077edf5b8572e5a,96760,tapes,RS,2026-01-01
70ab5e994ea383619a19687837eedbbc,9fdda3b176806e4447ead693e25ee82a,04474,sao paulo,SP,2026-01-01
1bd00f336a9c3b3c35a720f715e7fe58,620123772a3dcba2bd22515fb40e1fb3,08790,mogi das cruzes,SP,2026-01-01
42791e4b0de64923954b7905a4d523c6,c3fcb03fe74adff0bed2bd510ab06691,91230,porto alegre,RS,2026-01-01
62082173db63a1a735d81f64754914e4,6424423121df7517efd1fa700283c47f,39480,januaria,MG,2026-01-01
147f69d3f50f2d2bc3797f20fe452ab2,331fd4bbcc3082979ac9595762358cba,29050,vitoria,ES,2026-01-01
87b5d2464401b73336fefb8b1e3b91c7,70c0cd25ecddaa0802c169b32c311822,73030,brasilia,DF,2026-01-01
f3318c51c9a6779c89f2567475b4a6b9,df38102d80095da57461f4e328d3ae7e,85555,palmas,PR,2026-01-01
d21eee9c29efbbd504b464caab82b5f1,178abcae329614ef88c84a4f2d01b536,40710,salvador,BA,2026-01-01
14e5f1e56b5d74d9fe35c39e8ba04699,b1011cba0fd71c89bdb2a5c3b90bb1ae,19820,taruma,SP,2026-01-01
3fc0d940852ab274e532e80b1c1d5c2f,a48dc9ff5e16f55336756967c43d7431,37004,varginha,MG,2026-01-01
456dc10730fbdba34615447ea195d643,1974875b4a1d2e2ee6d586e3ba4d7602,05634,sao paulo,SP,2026-01-01
4d833833ec5cc5bb9e6c230820e4bc54,9a9ca2ba7c7df7918e058df64a36c739,36307,sao joao del rei,MG,2026-01-01
debcdbb31583da1dbb6560b95ee39b18,ff5f63dc004a0f064fc459dc73e45bd1,07903,francisco morato,SP,2026-01-01
3c74489596d98affbe4a9388a39bf482,c9f6a5d979d6abcd5e03dde326586a35,05820,sao paulo,SP,2026-01-01
ffc25a124da207c0b90a002ebfaa7184,ae5360aab0ba8d2def152ff0537f2ae9,13660,porto ferreira,SP,2026-01-01
6a562d22d4e2ce223ae7ad8bfd834ab0,bb78f4743e618d1b7d4e8fddb9494542,28893,rio das ostras,RJ,2026-01-01
b40a130a36dc28cdbdabe856f1eee283,e3989ce8a4e6df11d6e653380b318640,11030,santos,SP,2026-01-01
55490de47a9c2abff0a27a5296ae9c2c,31b9951a97199d0d5fa7b5f02453265f,13417,piracicaba,SP,2026-01-01
19c6be9e0d7588d54ad848d44abeae95,d84d4b0fd330741632546d09239344bc,70862,brasilia,DF,2026-01-01
ffe82abbde8061e75c4c0b72f3b2accf,633bd93d8ea8d1b21a3c03a466862f35,06395,carapicuiba,SP,2026-01-01
f481cadc657dd238cf73200b92292644,bd0c1f867e8745eb3ea435b9c5433788,78850,primavera do leste,MT,2026-01-01
c572fd6cdd98e87ea2bc433b6da21078,3e45b1d69bfaf0b7963cbb9dd00196f7,76877,ariquemes,RO,2026-01-01
74bd614c81cbbb1e75aad1b2dd120304,cc46237f7d268f31d98cf34e436d466c,12031,taubate,SP,2026-01-01
de1e5517fb50896bbdcff5814fb31802,2c87620a0cba3dc7cdaf2617928d15d7,24426,sao goncalo,RJ,2026-01-01
64a321dafa36e657f430cd3c2d0c64a0,c9c6d353f4101827b3dbc83b093b2fe6,37031,varginha,MG,2026-01-01
64d181ef52b1829800c598942459061b,d903cb2df3fc0df3e432bc359d8a6bf2,37903,passos,MG,2026-01-01
636f42c08bfabc00ce49edb5af4d4423,7d7f16a95cab713f553bd92a80d3e10e,13015,campinas,SP,2026-01-01
4dafe3c841d2d6cc8a8b6d25b35704b9,10669e874b7ddaab97d6d539578576d7,54762,camaragibe,PE,2026-01-01
7a5846ef7b6f7d58630bb4b0aafe2858,ee23e2b6350cac2c40e521f2253706b7,28770,santa maria madalena,RJ,2026-01-01
6968ea6ff6368619de4d031a15d5c9a6,8051546e4730145100f73eb919000a81,95520,osorio,RS,2026-01-01
74df30b888082a6cfaeb6bbee623e6a2,be7afc56db0978e1f7f9599f89527126,48040,alagoinhas,BA,2026-01-01
264d02bf55980e2934f42a50c221e97c,2f293b442348c20d12aa4537bd3d7234,18071,sorocaba,SP,2026-01-01
d2a79636084590b7465af8ab374a8cf5,c7f8d7b1fffc946d7069574f74c39f4e,88140,santo amaro da imperatriz,SC,2026-01-01
3c628393675b42c6b5ef89461f68ecef,106106992030e0d83e6f1bc9d4054070,30770,belo horizonte,MG,2026-01-01
d19f254a07da73a055409256e9bfe40a,831a032a3327e2b8325faf9d37953870,13478,americana,SP,2026-01-01
74bbe1a0e4f06bd62ede6b5f239bfb0c,7585fac6723f6d9fd6ad21c70ceadb70,22050,rio de janeiro,RJ,2026-01-01
8f437c018d57b705d06574998fc4f348,eb679f5c31d49d7a27b04db1e948b959,28897,rio das ostras,RJ,2026-01-01
9a4900710ff76d73cb3a0d152e73adf0,97f104e8e54ef4147d17fc1536a1482c,97502,uruguaiana,RS,2026-01-01
24e773830688359e8fbf7f89b2a303da,a599645f6c37e9a5dc2d1d48e6cfb9b8,14050,ribeirao preto,SP,2026-01-01
f178c1827f67a8467b0385b7378d951a,9d9ab3b77f0416765b3fbedf94a942a4,12070,taubate,SP,2026-01-01
3a3fc10a053a684ea7b581c82916e794,11f9374f0b84ffc98a1ae50698c2112d,22081,rio de janeiro,RJ,2026-01-01
0bf19317b1830a69e55b40710576aa7a,5ddb4fdd9cef2450d17ae20639815885,13218,jundiai,SP,2026-01-01
e7fb8d2c8a581e31b93defd84ee988fe,8166ab68030fd04c8dc0de68122091ac,11035,santos,SP,2026-01-01
1690401c1e48c9526a79e72ba8c069a2,b33ab8755cd35552942225232a9a8849,68906,macapa,AP,2026-01-01
3a017955f82b5bf61bb51aec865a01ca,ab93bfed86e2417198d66cf58945442e,07401,aruja,SP,2026-01-01
1fc77bb785f297743a18fac02b30de62,766c363986fc269b65ca0bd173b39691,41342,salvador,BA,2026-01-01
4fd75fb5ef1f01c7585bf746092a1544,cc9cbe91f775a595bcb05af59019b396,18683,lencois paulista,SP,2026-01-01
8644be24d48806bc3a88fd59fb47ceb1,4ca5f90433afb5493247f0bafb583483,73350,brasilia,DF,2026-01-01
3391c4bc11a817e7973e498b0b023158,1b542f810484d8c042aed33a7c61a218,04561,sao paulo,SP,2026-01-01
18c934f4cdc994cd04eb13bce3f47a18,9aa5b032a9157594cda43b16a832f738,08260,sao paulo,SP,2026-01-01
fee181bf648906d1c57f84f216976286,4754e3b66497719a91b36268ed9c5718,13760,tapiratiba,SP,2026-01-01
7d527c98f408420a9d5c953e5b89215e,dc184f142552a38189d5d5428d1984a6,37410,tres coracoes,MG,2026-01-01
db925a533d94cee42707026949892c7e,5f03b965e26e79a371d229cfeeb578d7,07991,francisco morato,SP,2026-01-01
8c976a55940af1dcecf9aac47249aca9,9295d6a619a0b00cc7e1904d19a1558f,59214,serra de sao bento,RN,2026-01-01
44e460a655f7154ccd9faa4dbbbaf68a,2b18cd5c428106cc024ee2cc951a0b68,07074,guarulhos,SP,2026-01-01
74805bc388861fa350ed2fade8444e0b,5d710d9a48ebb7fe5ffc2940ff29f346,38401,uberlandia,MG,2026-01-01
d7b9004ff34610bb3451b130ee2bf38e,fb20bf5c01fbc8bb8ab3ec1e4104c9d5,03734,sao paulo,SP,2026-01-01
e42998ccffc48dc87bf70b37e2d61f33,b2d3863477633ff42a3dad9a7dd61cda,36830,espera feliz,MG,2026-01-01
ea36ec29b56eded534644f21b9561efc,cef44ce121b124fdc3438472b1ac4e9a,86020,londrina,PR,2026-01-01
9afa8a81202f94d96ffed6977f09ea63,a1fdca07add1ff66dda1ccc4de576050,37540,santa rita do sapucai,MG,2026-01-01
dcc13a2d32ff7ec6e1920580280f704c,00d03b5e33f8987549c5590313a4ef21,96690,pantano grande,RS,2026-01-01
5d6e19aed6284c2fcb4b1a0eba6820de,a8f2d0c982dc7985992fa2b93fdb7863,06542,santana de parnaiba,SP,2026-01-01
11617a4c5fc72fccb4c2a53ea21c5a3c,ef583977570de5ee4dcb0cb083bde3e1,24350,niteroi,RJ,2026-01-01
e93fa47188d998ecd355fdb87a5e62e3,69fbe1ef33ee18593788e655e348b954,13313,itu,SP,2026-01-01
366e99a4996b3f8f781b60d7549f9e38,16ecae01d286ede5c22b963dc96f08ec,90610,porto alegre,RS,2026-01-01
610a4163b8ab832daf93b4fbb48e9119,95cfb39a7e263160308a934e42cfc4e0,08615,suzano,SP,2026-01-01
03c27921f605f0385f319ba1bbee389b,31a9f3ea5883e3fa0e6ec685504251e2,65047,sao luis,MA,2026-01-01
d3a7f01174c7a3d2905734b89cacedad,0c5e206ec36cc859ac0b248f2ad72e6e,86805,apucarana,PR,2026-01-01
c2d9ace6123e42fa913bd6fad131bf09,a0bb13c6e9da8e2d1af6d0b8d5b61cd1,73330,brasilia,DF,2026-01-01
d5ef6eb2e7cb3280ee294b63ecc10fbb,7db1dd56aeb565eb3b144f4ade4d7e0e,33045,santa luzia,MG,2026-01-01
e8a332c3433fbd37920ec89fc295d075,0a5df23b922b9998bb7378f1ac03c98a,90440,porto alegre,RS,2026-01-01
8458f7ae02bda5950ce48c01a720559a,23daf66dd86071f57d332fa5562afbe9,08150,sao paulo,SP,2026-01-01
065415930d45ace4ad39039b5d0d9341,5533b6863859076febafeed9a35bb6c2,18570,conchas,SP,2026-01-01
5cff2efe34e8e604619520cc86201235,db3e4742e06a8a95bb1ff58ba972f8b5,04474,sao paulo,SP,2026-01-01
40eb5b16b04bc62c59d4905857958e82,b9ce93ae35b4cfe939be5356630992a7,18603,botucatu,SP,2026-01-01
d0e3351321cbbc1e4928cac9201c4729,309035839d0c04859125d39311145941,14781,barretos,SP,2026-01-01
2acac3dfe4fa0e75b07461873a67e7e6,93027a697145bb67a134f56e9a3f0d9a,66833,belem,PA,2026-01-01
e71b7daec09cf1f42e8764868665e5b0,020311f9fc67a990f3d43b481398a259,81280,curitiba,PR,2026-01-01
1755fad7863475346bc6c3773fe055d3,a5314ac290a8b141491e987ae37aa7cc,13454,santa barbara d'oeste,SP,2026-01-01
c7f920a7b4aed73af416b5fa6f5c5584,9eb98592b8f2aad88bc937c857ea9a35,13033,campinas,SP,2026-01-01
9846fec8bc074e976b741b9d766afded,c9d77e5fc5b63d23d089586848584744,91410,porto alegre,RS,2026-01-01
561812638ef3a092f78f0c4a5f0c58c8,2c08ea1522ea4bac42eb5dd9f5df21af,04149,sao paulo,SP,2026-01-01
ffdc2af7160aed3bad21cbc8ec68c0c5,49eb55b407f86a1e87d7898594e65c90,30130,belo horizonte,MG,2026-01-01
8787c72a20002592238d7b80721ab729,6d1213d0a8cccfa5cdb1b693fd388055,79075,campo grande,MS,2026-01-01
86acfb656743da0c113d176832c9d535,f5cb81f98962f7504bef1e75579b6dff,13474,americana,SP,2026-01-01
bd0c57b418e8b1cd0f10d87da71a403f,deb506c0525ff4b17e97718d9c349409,38182,araxa,MG,2026-01-01
f31eb05ebdef1ede72cebeba759e7c92,23c033f6c75a249727d9fdd366352b97,29141,cariacica,ES,2026-01-01
9aed6fa0db5da18a5433bbff4ef320b8,e9c9682161ad1d5f51d7ae6e07447f88,15580,mira estrela,SP,2026-01-01
6772a0a230a2667d16c3620f000e1348,c7a9a76a4b24a7e7b2caff982409b7ee,58600,santa luzia,PB,2026-01-01
af684ccf558442d5fa8d9daa7456ac76,297871f85f3905d13eaa1afed708ca57,04532,sao paulo,SP,2026-01-01
062328becf66582e5849b4f2b364b143,3cf14101fc0207e827130e8fdfc0da25,04542,sao paulo,SP,2026-01-01
b2859fd419788314d84da3852630e56a,43968dac726b3b0b8d896a758308d75a,37250,nepomuceno,MG,2026-01-01
4f444b3b5cd86e70e2c49210020c5ba9,12d7642e3241d015433f989199c9d7bc,55814,carpina,PE,2026-01-01
4ad5a269a2d59d2c83ac551b5c948c0a,fb6534d42a2fbd05aae76186fe8bec4f,45078,vitoria da conquista,BA,2026-01-01
feca0f935fcce79dd42d409d96af9645,4182d20f129b3679e6808317f1e95567,13059,campinas,SP,2026-01-01
6441d665c5a1058502eb8ad0a2e2282b,20d8a6a96bd3f57a4d289c8166122c45,06608,jandira,SP,2026-01-01
d1b370c90ad7dacb840010a6e89c7e89,29fbb2801362f8857a80e4c1a0c74aa5,31710,belo horizonte,MG,2026-01-01
427ebd67be61503c00a75d8915080a71,7042a2786e6151b47cfb7696fe87cfc8,96400,bage,RS,2026-01-01
81ae5da9106d9b5af38c42eb81cce399,e4bd14f440ef8ed8d3cf48ebf731fd7f,47850,luis eduardo magalhaes,BA,2026-01-01
4632eb5a8f175f6fe020520ae0c678f3,6da92ae920ab16fc4eceb8fcd7bd43ce,08280,sao paulo,SP,2026-01-01
ce022d7f2e8d5b3ea5884c8bdea62226,d8a07f7d1eb0e929feeec1a6ce6358a5,19025,presidente prudente,SP,2026-01-01
e986427e3d822269e0b7e998d86cf267,0eab82e58c1b71bfb9f2c7dd966e8cff,80045,curitiba,PR,2026-01-01
317072fd23410f845f2d3beba3747e62,11d2c273e93727d6c0e516075435ae82,85620,salgado filho,PR,2026-01-01
f8c3d249c98f91b25409df45d4a095e3,682dff0e9050d37ddd64e2ffc53bcbbe,79051,campo grande,MS,2026-01-01
bbf7be5b7db9baf4509ae4573c8570b4,2948be030b49909f3eccb592b8315f89,03144,sao paulo,SP,2026-01-01
901f6c008611d3f7cd4a4a094c475408,9749e3b7d02a7194473d5a6784071186,21331,rio de janeiro,RJ,2026-01-01
638c6674418fc58283a73c078bcb076f,5a494c648fde2d1ec4eb614274ea7159,44900,irece,BA,2026-01-01
d9ef95f98d8da3b492bb8c0447910498,a2649503b92028291f011a976619b322,26572,mesquita,RJ,2026-01-01
6eae55140163e2af86907a15a478f2d2,d43fbda3da341fefa956fc2267a647fb,04896,sao paulo,SP,2026-01-01
add72faa5e3cf873054bb6ecd9472e4e,bc59f1e430734e331b87a168b63450a0,04046,sao paulo,SP,2026-01-01
4c9c7c2b6de6ee2568681b5599bb7495,f9c75a729bd4f0b6c346b18ad9fbc1cb,02055,sao paulo,SP,2026-01-01
059f7fc5719c7da6cbafe370971a8d70,d0ff1a7468fcc46b8fc658ab35d2a12c,13186,hortolandia,SP,2026-01-01
ee8e1d37f563ecc11cc4dcb4dfd794c2,5cbf29b2dcf212a6a5d864b887238c72,04842,sao paulo,SP,2026-01-01
37d017dda9c2b37e56166ddeebc44140,e6eb191ddc04af07531ff36d2caca1ff,30310,belo horizonte,MG,2026-01-01
167b9485947ed0a354a3f8dad04eb199,548a09978548d2e347d494793e34c797,06462,barueri,SP,2026-01-01
ddaff536587109b89777e0353215e150,c796780c7daeab9e94cc052b1f103b21,26600,paracambi,RJ,2026-01-01
6e916919988c15d61b259bc9494db0f8,6ac3687282ae6cf1976b4cc39677f95c,93010,sao leopoldo,RS,2026-01-01
78438ba6ace7d2cb023dbbc81b083562,d9e85480c2442fce7b1c6e09db3b0492,11680,ubatuba,SP,2026-01-01
a338f42b6e47cb49d5c5128a348b76ba,d7b472813b9255677466c5cd3cbc7b31,32425,ibirite,MG,2026-01-01
1aed7bcb3469dbda3ebc61b12938a4ba,e2cca4a06fe6a1f070aca81f919ec50c,54330,jaboatao dos guararapes,PE,2026-01-01
355474d121f6ea4623bbf34bbe80739b,68ba0fa3c02bfada4ebd0f37d1aee37f,88302,itajai,SC,2026-01-01
df01594ad086f53bdbbf927198981446,6ba3c687055589c6271f660f1fbf6595,26022,nova iguacu,RJ,2026-01-01
ee339bc1fd51a275cd44985a84e2515d,9fd78e7df3488fd8e24ccc627acc38ef,80320,curitiba,PR,2026-01-01
d29935fdaf4a76f34653da3def4f2a24,c3818f2a1aa9b856afa2cc5adf8e97b7,78652,confresa,MT,2026-01-01
6729078b4efa4371e61e6ec7df327846,85234917cd71e079f2cb073da6f28fdb,14025,ribeirao preto,SP,2026-01-01
90d2e6f72916e728253129378a36fdcc,7492a411232f7dd4b1adb8b335cd1983,24751,sao goncalo,RJ,2026-01-01
45ba03e2c6bbb5dc48131ba32ec3ae5e,1148e7e1daf6d2378b814e90506e9d26,23016,rio de janeiro,RJ,2026-01-01
228da462edabbbc68e6d265087499705,be5be2dbad1352c6b4966664a5bb4fe9,27930,macae,RJ,2026-01-01
7aed8da5ae4e0e34226c47f3bf041956,7e69734dad7cfcbe95aa59f38095057d,06144,osasco,SP,2026-01-01
e54367d4b00c5cb76d2dfe71b9bdb89c,196fbfa6f817924c4e13687eef22fb30,02078,sao paulo,SP,2026-01-01
e5b70244ffbbac9f5ebde9ecdfc049f9,83588092e958b8f322c1bb40c20a8428,76165,americano do brasil,GO,2026-01-01
a8f76d9cb0f8db57cbbfe8d67b257893,3353f4c5877c92dabf4068661b4564fd,77026,palmas,TO,2026-01-01
20c5718e5f50e1e3800046039376e216,6f90f04011f53535e2ed7add0e6e9775,14990,irapua,SP,2026-01-01
dd5095632e3953fc0947b8ab5176b0be,da45a9a1df408c39f013b9b0b505042c,70680,brasilia,DF,2026-01-01
62d50e9a714ac024c196d9548594e2aa,ba77e9b6506636dcbd03e463d4786f24,95059,caxias do sul,RS,2026-01-01
83da8aec5d2e8b2847e6ca45bea5588f,bef61c4e2f6c5afdc112a9dc3a55cdc0,13385,nova odessa,SP,2026-01-01
45f9053fc8b24a6d5afa05b6d1b330ab,ee25395beccf60a948ec3591ec9ddacf,45580,ibirataia,BA,2026-01-01
21e121469a31f5b4e2eb5b6574359c4c,a995d70d9935a4624429e4ded23bbc73,03257,sao paulo,SP,2026-01-01
b1aa70fb1fe24bb15603aba207510343,18f1d76138f1b657ec314c617bb3842f,95650,igrejinha,RS,2026-01-01
e7214f2cd8744c2d6d53e74e226ad9de,57aee1a8b40587831ca79a06bf0df5f7,32920,sao joaquim de bicas,MG,2026-01-01
65c295c5ac6110fc4214f32ab7df512e,f06c7ebe0f12b42eab6530215eecdc9f,71937,brasilia,DF,2026-01-01
cc64309188751727fe403d8570630495,6bc9e749760ecb1daa33144baf3eee9e,03185,sao paulo,SP,2026-01-01
0a11cb0fb65032da800b780afcc1a1b7,b91094129b0c7e78a2d312269365968e,80020,curitiba,PR,2026-01-01
8d3d362741da05c706eb55001bdfa1b9,71570c9b76f11df814726260cf634fb8,03236,sao paulo,SP,2026-01-01
f6f80187601754d61deb547e6d5b5a06,3f96ad6e136439eaf4e575561067a196,72145,brasilia,DF,2026-01-01
695449e690b9ed39a1afa2dc5f3e900f,e81dd1589aadf99b5c59c15289de5df0,12285,cacapava,SP,2026-01-01
df9b032b2ad0fd6bf37dfb48e5f83845,410979f3cfd34e467d4fad78bd0f0219,89440,irineopolis,SC,2026-01-01
684fa6da5134b9e4dab731e00011712d,ddf60e20e6e262e2136801ce5cd628b0,49030,aracaju,SE,2026-01-01
c40c7807639289e3f1308ac6e5bc104f,07187fdb640eb2923d831b48ce809b54,15105,potirendaba,SP,2026-01-01
2d2b1b42705b2f080c47fb2c46db46f6,f1097c9562bd8f87de1e69c30b3b08eb,83212,paranagua,PR,2026-01-01
33bfc91146c9eea42397a0430585ee59,8a024c6ea16ad84e67bdc2bf5bd625c2,03132,sao paulo,SP,2026-01-01
3271f9dc34c1d718be03cff03dec7acd,c63f1bf0ff66dc26aa7e32552b3d42d1,72910,aguas lindas de goias,GO,2026-01-01
d020628b224f6a7738f735fa3f648cfa,3248d94dedca7507cbe8d17075b39081,33125,santa luzia,MG,2026-01-01
2569d6c5ed547bf0feaf37e32677fdaa,9fc8316f4c0d0601664216e0a9327ed5,64056,teresina,PI,2026-01-01
45c9fcdb0cd88a5630cb4405c4d2e4a7,c6ff1299ecfd927f41df559f9b61e94a,08940,biritiba-mirim,SP,2026-01-01
46d8521966b3f64cce626dfc6b655d1a,969cdc8af5b07074766e79c1e6d76c24,03460,sao paulo,SP,2026-01-01
3b06aeea8f6124ae0e66e6fd1fc97ade,0cb9be6e0e12afac27ace32e3be4051f,04516,sao paulo,SP,2026-01-01
ed8c52327eecff596e141636d5b556d2,b6ebed144895adea96b6193124ea3db4,85501,pato branco,PR,2026-01-01
d2157e41ca09bbe3a232a528d658195c,93805ba8be262fe253c4284751762866,12955,bom jesus dos perdoes,SP,2026-01-01
69d8d9775287ba592a957eba2211d351,4e1e21d422058c75922a29548f43479d,24451,sao goncalo,RJ,2026-01-01
1531106e1c467cea04c233e54a383098,5e8a37a9db66531212450e6bd9a3c9ad,15056,sao jose do rio preto,SP,2026-01-01
940526d0df4938d234d0a900268106c4,a0c241dec798f1624d120b0be72d7377,35681,itauna,MG,2026-01-01
88196bd808ae8abe1b944efe1807b508,251e658613a224723f8a077946183b20,04363,sao paulo,SP,2026-01-01
52006a9383bf149a4fb24226b173106f,528b011eb7fab3d59c336cc7248eed3a,38600,paracatu,MG,2026-01-01
b53cc3c992caaa45ec73cfdde4d839b5,e0b0f9beb31782e3174a67b875697ca0,58178,nova floresta,PB,2026-01-01
8ebe25aca53cef9a055de5c20eca76e7,a55964e9744ba2f8e5911ff221b5de47,11605,sao sebastiao,SP,2026-01-01
aa012a8928021b41ea6de61e855880bc,5ad755f2bc4d98be17d9f42b3c1f0c4b,96170,sao lourenco do sul,RS,2026-01-01
c69f8b33e62ecb30ff78ae46d7fb9241,7d185d821a11c769636247766f1fd45e,25540,sao joao de meriti,RJ,2026-01-01
13fd7ce9f08449dec2533119379a2527,6110fc2216f14d1efaa683050a262e90,29162,serra,ES,2026-01-01
83257fb6f3a1edd3a75464178aa3f382,82ab8d779ce526b08d6b92769be44c49,08970,salesopolis,SP,2026-01-01
917149651e472bef5b609eb58e742eb4,572e9e13a44a5e4ac5c42e74b324244f,75705,catalao,GO,2026-01-01
58ffe52cbd8077e75af00321bd152ce2,86d665d743ac6fc7a69c5f97c1264ea9,96200,rio grande,RS,2026-01-01
a00009bf8489ae779a18179b4716f195,207ba0e71c642b6eda7d0f4d41673751,09750,sao bernardo do campo,SP,2026-01-01
5c4a6f6b98ec2d780b10f1cc88ef208f,cc77e2bf7a54937f23c5534a4b4742d7,04856,sao paulo,SP,2026-01-01
fa124303523931c3e5f132f33e9110fe,dc0841d3aaec503e855801c36e6b63d0,89640,ibicare,SC,2026-01-01
284e326e8a71e55bdb0b210ddfabaa27,79e12483f9b14c3254db94bd137a4b70,49047,aracaju,SE,2026-01-01
53379b14e4048e025dc5a2185f461bb7,50bcf3c27a375da1f5d33ab1798b38a4,12943,atibaia,SP,2026-01-01
e26eb46e8146dedecc6524e5d9771047,26ad164ad913649d86d05c20c3eaad57,06086,osasco,SP,2026-01-01
a7d1dc2de29fc011bf5f947f8a8636c7,99d697dd68fad729283560abe0adae43,24440,sao goncalo,RJ,2026-01-01
8df348aaafe2a0df5f1ad620b64095f9,b47838e44cc3e864f6cc78ba3a4e740c,19600,rancharia,SP,2026-01-01
6b9aa554bd8240e377eb1aca688e6e39,6b9afcb17cc0d97ebb20f7fc4e3a25c7,91040,porto alegre,RS,2026-01-01
fa07ada3f850284255c79f6c93490991,e42c4dd98307152b732690ea8bc5f61d,13360,capivari,SP,2026-01-01
5ca6f3218e411dcbb9c27ad61bdc3d1d,b08428dc70f6011f89da661fbbf1e654,85340,rio bonito do iguacu,PR,2026-01-01
19bacb562bd43bd4eaf05b6c0a59dad0,c5f01991eadc43c924dfd891e9026217,87323,alto sao joao,PR,2026-01-01
843ff05b30ce4f75b6170b39c78a8ee5,8718d37e3e19a80c134708dbe5815732,95595,cidreira,RS,2026-01-01
1670832aa0263adfa1337adf89530561,441e8f48725c241d92e07ef7d7cabe68,13106,campinas,SP,2026-01-01
fd673a07896aec385c5287234605f166,c112276ee020e563234bd46993fddc4b,71070,brasilia,DF,2026-01-01
5f2bc926ec92aa65c33b70ed59e74175,26519785c800da52d3796667a222ecb0,18080,sorocaba,SP,2026-01-01
e0c153dd9802d047fc86fbbc9da1a59b,2663a303bd9e9b360ebaa9e12aee0b98,59151,parnamirim,RN,2026-01-01
6abf781c5304890987047e9aa239caa8,a176838867d89ed62981cdf02b7ca3e1,86040,londrina,PR,2026-01-01
39f944145e00598d075faec0bb1f447a,7f2a3bcef7f1ac62f0020784d1986eea,36021,juiz de fora,MG,2026-01-01
54f60df7bf8415b9714bd26eec037b2c,74f6539658a10da4f67bd4f9d8ea5c04,03801,sao paulo,SP,2026-01-01
032f25110f17bb0d65268257b10738bc,b931fdce2c9ab0c8475ac1bc83af0f04,75800,jatai,GO,2026-01-01
bf22881f1f23a79916784ac5b4319c56,c6d04cc582cb4e8488bc99994c62e6ed,06080,osasco,SP,2026-01-01
2b56e94c2f66f2d97cfa63356f69cee8,cc1a30280651daf2d918ed7868575771,95270,flores da cunha,RS,2026-01-01
51a8d592336a414fea21f12534b0f797,5a6d092525ea183026c9b405b903fe0c,04363,sao paulo,SP,2026-01-01
a81e8424b6bfd433cfef8d7bcb36b26d,f609af8564851374ca7b2b8a846864dd,02990,sao paulo,SP,2026-01-01
5b0403fc813ee1da7cd9a0816d205016,b6b9bf08a9b9f5e258a9022f135e771d,06824,embu das artes,SP,2026-01-01
fc6788a31c7a99fec01c62063032bc12,720d85b7b02bc0505d82fcd0e6010490,33935,ribeirao das neves,MG,2026-01-01
9f6618c17568ac301465fe7ad056c674,e3bcfea9bab07b492391664fc1ffc28a,44180,antonio cardoso,BA,2026-01-01
84b100e334843870e95ff29421ab66bd,e58a978fc59d070baefbaea0292456eb,12323,jacarei,SP,2026-01-01
db5374a5a0de70b9b226cc07f00c7de3,a8fe0c0e9818794f48fb0379ee3ff206,07051,guarulhos,SP,2026-01-01
c1ddb7521d14db9071dccad0a94305c2,fe22f09401a6af700ab66fac2edbea15,02053,sao paulo,SP,2026-01-01
321d2bc7c3bcd8475d52d2cf4a179c37,b1d54204de1d43a54e30c7274281504c,26320,queimados,RJ,2026-01-01
754862f813b4662e840ff16a52db05f0,6dfa1ddc7f7e7d7930de326f34c16f53,45020,vitoria da conquista,BA,2026-01-01
5a58afc695ee03b9baca01d4afa52cec,f2eb5bf76a4172b5ac7fc0ce6d64c3da,55016,caruaru,PE,2026-01-01
02731f7e9105dec7fc7fa715ccd821b3,6517822823bf509a5dd294d5cd69a829,29055,vitoria,ES,2026-01-01
aa601b3c45980c0918042d5ca7a25054,1006daf2f4f3b40848bdb64d356b4b39,06665,itapevi,SP,2026-01-01
b9f21de0cf737e46054822f6082eaf31,81def1193ae82b7a35da05d0565767fa,24900,marica,RJ,2026-01-01
18e42e6a3b2022561588b6d32c036b52,1a2042f30f2a7ecefdde313fa0cf151b,13568,sao carlos,SP,2026-01-01
f33b3d6c9af33c35f9a32f66285a6b7a,a826e92cf1530ad8a2e0e2f1350ac1be,39400,montes claros,MG,2026-01-01
caecab08cac2be52d89f87462765b4f4,ecc6d0f3eb9435df737e1f0d9a1c6d3f,14090,ribeirao preto,SP,2026-01-01
02a7a75320e787aa980907d0f647e508,7c020cb518b4fdcf5c50fa717d0fdca8,89260,jaragua do sul,SC,2026-01-01
8f121fde1f03b4865ac871202143016b,fbc838cf7e5c279afad28109e3632d18,21911,rio de janeiro,RJ,2026-01-01
aa5dfb0872b3828aa250acb54d387266,1b3b0b055ed21f7ce245c233772bb5d4,04777,sao paulo,SP,2026-01-01
f36d397e361b66b7220f849320541fd8,13fff243cc1910bf64dafb9bc81ccddc,13272,valinhos,SP,2026-01-01
d43f72374abc7601531c7c806e7af444,bf878410ba17b72e544f5a350bad4bf5,14700,bebedouro,SP,2026-01-01
4d6793a25de1f63ca63869c6cd4b7b1f,d11a194f143fd919974b08483bc2dd84,81270,curitiba,PR,2026-01-01
ce0518f0279ef8b73d94633720e70b9f,5c258f7c0ff4f829eec200d6b9ed6994,13030,campinas,SP,2026-01-01
5265029daa29cc08d86b9f96cd99d03f,6940ba069c2c25350ea9e059b35d7d23,89248,garuva,SC,2026-01-01
977275bd3cd425aa9926a3388658f485,e20247a9f1cdb71d4415f2a0903212f9,55030,caruaru,PE,2026-01-01
29cb486c739f9774c8eb542e07b56cd2,2ae3c67452283d5a0d30b32e0d33296e,71505,brasilia,DF,2026-01-01
877b18b6aaa2faadfbf88c43a9bd5c42,f5af12033765b06b3df8faf68cae86bf,04140,sao paulo,SP,2026-01-01
5da0ca7784ca3dee567abe4c07800952,0a609db8d244100909a15d65eadf8539,25745,petropolis,RJ,2026-01-01
a28774056a751c7e8affbaff81fcd933,52ba13556336e0643d5af3b1a94ea82b,01309,sao paulo,SP,2026-01-01
525125633cfc0f64d4a991240953f2b5,04e1ad29192c7d23646272968393bf36,95181,farroupilha,RS,2026-01-01
22eb8142d6313bab19fa6c657170ae6b,66d7c05de70168738de8f6f8b5adce82,47630,serra do ramalho,BA,2026-01-01
36d3a1fdfe49d86395c631a7ea4dea63,1ffa1c8081e0965ad547cec0656e6883,02316,sao paulo,SP,2026-01-01
aaaa6531d040b9cef69bf13af9be2fd6,050f9cf69723c91054d44c3b3a1e7ac2,80050,curitiba,PR,2026-01-01
42532fb94eca7866bb4915e5cd46300b,4d44daa2056990a8c1cb947a19c626b0,06322,carapicuiba,SP,2026-01-01
229c98245e2b6995b67be1e1921e62d1,cab49f72708b32dab386b38320f5b31b,28083,campos dos goytacazes,RJ,2026-01-01
fbf8e675c5adcf8c482b04c517814924,06b672c7ae6d7ef4cbe41318c397537a,82820,curitiba,PR,2026-01-01
85aa7dc7ea24c96b5ac7864f13922495,22be41ad7d58c7774c6e036348a042d0,99470,nao-me-toque,RS,2026-01-01
94e56a6d6f8b3e26ad64c605e67b48d2,db9525f2339f6bb22c0ff48a64b5ac8f,05819,sao paulo,SP,2026-01-01
5db7793e5ba9211bf9e8176cb8bb3ecf,fd5c854369acea3d0c81dd2efb68e3ca,01122,sao paulo,SP,2026-01-01
ae2164e850f39dce431cb74974daa355,2b5810705ad2dc3a748d181a15996eb2,04155,sao paulo,SP,2026-01-01
bff45358be29fb889f469bf4c74a1825,795e2dd34c208200aed85b3f44dc2a4b,26084,nova iguacu,RJ,2026-01-01
62b45594e877bd203ce2e49134b8ad03,5c91001431c31b0b355a154d4f498177,12926,braganca paulista,SP,2026-01-01
5f16605299d698660e0606f7eae2d2f9,92fd8aa5948e20c43a014c44c025c5e1,77480,alvorada,TO,2026-01-01
a4a2abd07b1cdd4902cf245cdfa1451d,337bf0efbf9e5ba67461d2e5b4e5c2b1,71050,brasilia,DF,2026-01-01
869c947685e4deaedb87bb36764949be,4bd3154555b2d1d19fed1ccf31aa33f7,09530,sao caetano do sul,SP,2026-01-01
f88197465ea7920adcdbec7375364d82,7c142cf63193a1473d2e66489a9ae977,59296,sao goncalo do amarante,RN,2026-01-01
fa3a8736d5ae8f7df9b0a4154d0b14dc,2de521d3fd097acfbd5bed9c7b9ed0d0,71551,brasilia,DF,2026-01-01
19ce60e416e5f9342e80d5ddcc814b03,7418458c86b91f0322f91e7145a02bd7,13207,jundiai,SP,2026-01-01
ffdaff86e5834cb843ada60a745d4222,3b9de7fdd14fc3a254f14c1e28f236e4,12060,taubate,SP,2026-01-01
5ad5c913900581e3ebd6c20ba68c5760,c1dee395f06cd4d5e5162385873bfb15,27510,resende,RJ,2026-01-01
2d9cd6d6d59bfd360ba595e45d097409,6f6700b18880238014937d470e8f5f6f,81750,curitiba,PR,2026-01-01
3c6de6b65568723360510737edb81465,551bf3cd63555513dd3dfdaba9b7541a,13486,limeira,SP,2026-01-01
5dda11942d4f77bee3a46d71e442aec4,6a0e43f0d7e1b5539e4c58a26ebe35da,46740,boninal,BA,2026-01-01
93f0c8eaf1b7a1c951d234d56b232e35,981146523d8e000b77f1b136643bb776,27920,macae,RJ,2026-01-01
cad2dc8d82cd9ccca487589a7fe62e6c,23f5ef949f4f54d239cadd6aa0ca48ed,11534,cubatao,SP,2026-01-01
1a3fcb72ec1f37b5385e08237a40409e,982f532d3e8e8177c57361a39d1b1492,41181,salvador,BA,2026-01-01
3ca18278aa462567e7bb52302cff31c4,305a9e2b49169ced55bdd09fed23cda0,50930,recife,PE,2026-01-01
fe4a4b61b1485be6c8e635377ea8f0ec,7b7617a110435f0f5212a57af745bee0,22230,rio de janeiro,RJ,2026-01-01
55521b1f0b80672b3c61939a06211691,c7e6f657d0b28ae86ddb5bc464f702e1,08599,itaquaquecetuba,SP,2026-01-01
e28087daa16ea2d4ef377fd789af20b4,25799bf6b79e82c19bd6d590c02cf821,13208,jundiai,SP,2026-01-01
793864114259d54262b38703f165acd2,2fca924c90ac599f416173f496dbdfa6,37704,pocos de caldas,MG,2026-01-01
cc3590e4afbb4b3e056b50a80a6a7d0c,2ed58d0567a2839599b85957ee02bca9,22765,rio de janeiro,RJ,2026-01-01
8a1218a76be2cca9f86e2a9618f61af4,7d4c8f6ad946c29d7fe6500d6e7179ef,86480,conselheiro mairinck,PR,2026-01-01
3e337c99e0f5ff7ba9a4b98fbf7412fd,43da534e5e6c052df9993df486f342b6,30570,belo horizonte,MG,2026-01-01
99f297c1c95e0dda633b7e584ec2a4f3,2f30a830c2791853a80645df3213eab7,07176,guarulhos,SP,2026-01-01
2c5c2fb51bbbcdcc297f3b37449627bb,a97d43b24d76819903192611aca17914,38061,uberaba,MG,2026-01-01
1bc91f030639254f22bf57fba7c51376,fa93a560ff6d03af77a815849a6e4233,38402,uberlandia,MG,2026-01-01
8181e01938f34902ad6d883bf57f803d,fe2222908d7d7dc8e03d0efea168a474,96020,pelotas,RS,2026-01-01
05aa1cdcd7c5f9e297b3b5d89ae5e1df,c18a7f19c5bb90e5eade2d61849812a8,60713,fortaleza,CE,2026-01-01
00eb2bf26ade27447b6532561c6a402d,cc320e08bc9bc1b0a30e551d1de1e26d,05037,sao paulo,SP,2026-01-01
baa9fd7c59cbbfb067439f4ecd72e848,61ed6dbae0e47f36937a930897a9afa7,13050,campinas,SP,2026-01-01
e1862648f338ecaf4242e8e2b59126ca,2e3c3bce0bc8cca5d8e987d047e64d8b,38770,joao pinheiro,MG,2026-01-01
a90391a47de936d56c66a5366cba1462,32de2a7a93dbfc527b3f584744b9c6ce,37310,bom jardim de minas,MG,2026-01-01
d44c356f894fa28cffe33c455abb72ba,2825ce9bfc557b2f9e46019382c0ecf6,29313,cachoeiro de itapemirim,ES,2026-01-01
bb8bd97c39739129411746c4ca7c754f,990302c82284e848fd5985e4f0c917ad,07114,guarulhos,SP,2026-01-01
411744ebdffbea1216c657a60472edce,1322f42ae5165f0fa89f7a1d0f9da61a,25850,paraiba do sul,RJ,2026-01-01
0005aefbb696d34b3424dccd0a0e9fd0,616309b2eeb7bd9c05b0fdfbab28e6c6,03052,sao paulo,SP,2026-01-01
d76dc2ed3d9f58905f39deea067fd40f,addbdb6a87401fca750e8aa543641232,30315,belo horizonte,MG,2026-01-01
cf4604a56d4e374de013f1ec35280d00,98af3235f3dc55bc74cb8932c64b3523,41940,salvador,BA,2026-01-01
d77e4c0bfd0085b029605683a846abca,7d15b5b3609f450652ddc385d624a2cc,02013,sao paulo,SP,2026-01-01
9916715c2ab6ee1710c9c32f0a534ad2,bf0303939d54b8df5da4762bbaab1955,22631,rio de janeiro,RJ,2026-01-01
7251aa758779438faea714941f1051c4,65ee274b862c5c053367be8a70dbc029,04293,sao paulo,SP,2026-01-01
61ce7eba15a872699599957e5d18f0e8,5936fabf5dfeaa6c31d9f649b5794e2c,83212,paranagua,PR,2026-01-01
1b848bc58de81ae1b800cf3a4571bedf,2db7f214cad74f77bf16ddd07ec20b35,17606,tupa,SP,2026-01-01
6feea03756fd7ef4fb37d8f7e44aaeb9,2ad3e60daba1700dc116ea525e842f28,80030,curitiba,PR,2026-01-01
b16cd1296147fe2153a24ae9be382d68,af702f368f324149262ef325cf76e5dc,88801,criciuma,SC,2026-01-01
e20e5dab42cf2fc3a11d1c89e087122b,4e21dec7323ad0b039b139d47fae3374,29118,vila velha,ES,2026-01-01
6d6b50b66d79f80827b6d96751528d30,8ea097b1824dbd4d17af71b0afe04301,05514,sao paulo,SP,2026-01-01
fa5c31ea5a141cb29a683b6420f2693a,e63b7e65ecb65d0d1624a564fa2c8cff,72900,santo antonio do descoberto,GO,2026-01-01
68de9ab6df869e6c10cac725487ff831,f4eccb8dace4acec8e518c4efe0e4478,01311,sao paulo,SP,2026-01-01
46ec8bcd9649f0f7bbb179bb59d6702e,012b41c1dae00a092474ca48dc764a00,38600,paracatu,MG,2026-01-01
636e15840ab051faa13d3f781b6e4233,65e5aaf9f721945f29cdba45c206cb83,14090,ribeirao preto,SP,2026-01-01
355971cbe54e13e55beb25fab74f6988,4387c856607a91376446da32e4a2012d,09070,santo andre,SP,2026-01-01
df059d8e5672ffde042a480870e4fbea,4f062c0635aa5c593636b9500e21b99b,14140,cravinhos,SP,2026-01-01
b7919647bde69acc948baa47823d6c75,6ad46014a4203440c38e3dbf7aedf51c,14740,viradouro,SP,2026-01-01
a51b373c427132a77b112ca10f502c4f,995fe9426f030109b1614044edaf46d9,02537,sao paulo,SP,2026-01-01
b1757da2a461d581e1a3b280ca181b7c,059ba8400bf965adf606ecc7ef3396e9,95860,taquari,RS,2026-01-01
735774ca9e99d1d85ae5f53b4958e6cc,30d600f278c689c07360b4124cb9a73d,35162,ipatinga,MG,2026-01-01
5072cf2f4cbec30b8ba917d5d7b6b125,740ece7e8cdb4ee5eeb95dc76a4e578a,17514,marilia,SP,2026-01-01
ed532487db04478dfba09d112649fc13,51ac8560948d44d4ffa33f2680569a20,24350,niteroi,RJ,2026-01-01
d006bd8339ac9891923132af6408f557,50f99f56ab935ac45c6f1cd4c0bfbe2a,13304,itu,SP,2026-01-01
41280f8f9f6be62c061b8af89ba9ef54,44b931de0be80ba9ae9c61a3d4fe339e,29360,castelo,ES,2026-01-01
a7b3bd7ba727dae2bc4a68b78b7a7c64,86f5ea139f5fb8d91a5a340d85b128e4,75690,caldas novas,GO,2026-01-01
8ab97904e6daea8866dbdbc4fb7aad2c,72632f0f9dd73dfee390c9b22eb56dd6,09195,santo andre,SP,2026-01-01
5a07aa8c5c8860866b5557e83d75a4e2,463bea4a9035546dc7f2c4c1ab82b5a7,91712,porto alegre,RS,2026-01-01
6f392cfb40b84e0857b16c23c773aa31,5399c9213ca365a480537a1b21423d2c,28160,santo eduardo,RJ,2026-01-01
1a064684f3096efdbfb11a78ea4f97c9,0482f8eb57c7df640fa8a9a6a883c488,29122,vila velha,ES,2026-01-01
3180b241917d07e27bd46aac80ded579,06bf11f58f4a6b5ab7dd1623404bf672,30120,belo horizonte,MG,2026-01-01
3fb8a3a262c0e12894b068f551c9f006,a6ba026e341252f5e41461043458bf61,92032,canoas,RS,2026-01-01
7ea778a6a19290dee846148b45c64f6b,e7a0b95fe6d4836d124b1566642ffbec,22030,rio de janeiro,RJ,2026-01-01
e4721b61e8d2b4b85d606809f6baa292,dfe0f45b0b8cf0ce9c4cfb41c0808240,04023,sao paulo,SP,2026-01-01
ac055528f5a69cba5e02d73ad1ee9a74,2db405cc6d4123953d36594dbff12a73,13054,campinas,SP,2026-01-01
388025bec8128ff20ec1a316ed4dcf02,f9effeed3df9ae063a58c0759b96f8b2,85804,cascavel,PR,2026-01-01
18715b86f15b55cc06dcaef3708656c7,f1222bacdff89a25eb29e54eeaabbe6b,27281,volta redonda,RJ,2026-01-01
5baa82a2c45fa3220cb57d9881db3211,c56d066e503008b8d0bf4204857c588d,97110,santa maria,RS,2026-01-01
c7340080e394356141681bd4c9b8fe31,3e4fd73f1e86b135b9b121d6abbe9597,19400,presidente venceslau,SP,2026-01-01
8ed14e450a6268ec13f325e7c2eafeed,f1e0cfbcfd9aebd6d003f6667551a9ae,89065,blumenau,SC,2026-01-01
503740e9ca751ccdda7ba28e9ab8f608,80bb27c7c16e8f973207a5086ab329e2,86320,congonhinhas,PR,2026-01-01
25456ee3b0cf84658015e46686025224,a577a79cf9dde79841a2b42bc7d0e6c3,74475,goiania,GO,2026-01-01
ba7c84cd4d0db9d73b66a79e4d3e130c,fbcbfa3995be71ad8d028a12edb9d3bb,17340,barra bonita,SP,2026-01-01
cb67357747667b594aa6d47770e7334c,9202421110f6a19ddcf0b9b93602a0a1,29909,linhares,ES,2026-01-01
016c5c3fb572754f302fdac24aa9cfa4,c6bb2e116c8ccaf3738a685ba174b675,50721,recife,PE,2026-01-01
107d449d8a73c9dfd9673df8ea684348,f6dc4789e4669873c35f8f92fdbed89f,14094,ribeirao preto,SP,2026-01-01
dd854e24b40e3bc2b306946dee252015,a8ee33e35637322a81a8c26592f6ce36,35162,ipatinga,MG,2026-01-01
6ab90ea7ad807500313f796a2b704335,5b586399e94f316df6602acbe6d80f70,04145,sao paulo,SP,2026-01-01
686ca7499141a82f95123c370af061b0,b14edf7220c5c77f27f11567178c24fb,12228,sao jose dos campos,SP,2026-01-01
90714b0e62fe1fbd304fb45fd644ebdd,c666e59a2d3ced923880461526113d38,04247,sao paulo,SP,2026-01-01
838aa327b0491d3cb3e9c1c6d9bb382c,116490c868c239247db4417b68c9b435,48750,retirolandia,BA,2026-01-01
2528510465c7572dedee4431a7d52e08,52a7fb2dfa60628b04619fa279d3e27c,16072,aracatuba,SP,2026-01-01
282d52f23f7c0ece9340d411c4d2cdd9,edf0cf9568d3eb609706a98548c06e83,20756,rio de janeiro,RJ,2026-01-01
da2fbad9b2235c67c9bc7c7a274ee389,279bd194cc9790cf88fbd6442e3cf716,39640,berilo,MG,2026-01-01
52dee0d644b6d10016569eae238ebc67,79a4fa88711e09a102e206befef01bda,74413,goiania,GO,2026-01-01
5613454932b2c4229250680708f8c0b8,185dee501a0c28b9c799ff72a3e527c7,89500,cacador,SC,2026-01-01
e5f6020aa61432f0dcb0fcda1c5113d9,9d687a1e1a93c3d1788eaf38b05e0040,45208,jequie,BA,2026-01-01
816f8653d5361cbf94e58c33f2502a5c,37363700139c1aef873bbcd916e57dfd,05778,sao paulo,SP,2026-01-01
9ef432eb6251297304e76186b10a928d,7c396fd4830fd04220f754e42b4e5bff,03149,sao paulo,SP,2026-01-01
bb02acc51461fe7e45f7fdf63d18072c,2586fca3220b925aec835cce085fe64e,65709,satubinha,MA,2026-01-01
d42ee2c04270ba237933c8bdd5e1c761,c53d90ab068a7fde8fb74003248e1ebc,44200,santo amaro,BA,2026-01-01
d4faa220408c20e53595d2950f361f3b,efc37ae565ee0943cca2b89fc65c4d6f,24933,marica,RJ,2026-01-01
fd24f53c8ce3ad467b44627306e0db30,a6e10bbbfb7af7122f5feb0f19268baa,18116,votorantim,SP,2026-01-01
a8b396cd7edcd4340e02a07685084cd6,ded340acb51cad2b368c3e986d006ba8,90870,porto alegre,RS,2026-01-01
b037df006f291d0cdbc837d78c48ff5f,cf6fcea0892d8ea6f5cfa685cb4abfe3,94930,cachoeirinha,RS,2026-01-01
5a5bee06f22d5f03e2d648c82571b4ba,59bb10015afb7afabc67252dbbf21985,26285,nova iguacu,RJ,2026-01-01
68451b39b1314302c08c65a29f1140fc,781ae350edb16842380e81d7c7feb431,20740,rio de janeiro,RJ,2026-01-01
046911a55a7bc12ca917758e9c4cb5ee,875a8799fbbac7a0f209714bebde4f1e,18202,itapetininga,SP,2026-01-01
a13d2d3b615e7782205484d9c603cbe7,14650aba2993d5db931ecd1ff160714a,26385,queimados,RJ,2026-01-01
698e55af1f6f37f7f304a74eb93b85b0,732517445a23f14603d5683d8c0e7b37,96640,rio pardo,RS,2026-01-01
2e068340b3037f667ce3224bd59260af,48d4bf53229ec530405b4e461ae6adb0,02938,sao paulo,SP,2026-01-01
b4afeb58ac51bc903c5362286c6a5cfe,6457b2cb5462c1217e8e6d36b0ff39d2,05842,sao paulo,SP,2026-01-01
d2000bb65d12d7c93b7e27e6c961757d,f81ad6f6ac826325fd953e470dc63a1a,08265,sao paulo,SP,2026-01-01
384a027682b0ddc9d88f4aab723d9730,04334bf56d76e503c2b474e3bc129d65,18550,boituva,SP,2026-01-01
e66e06fdb34d8289533411b7061d19b0,dd11d408f0349a9e49a9069f02c758ef,81460,curitiba,PR,2026-01-01
17b02ec522ef587a82a5b69450648f1b,788dec250d1d6b67eeb6e09a0fc69389,84600,uniao da vitoria,PR,2026-01-01
0473034ec8cbbdc1db543b6c3615c625,65f72a9364d44ebbd405299568002138,28035,campos dos goytacazes,RJ,2026-01-01
cb1d99010eebd5ee5b64dc9e37caa9d4,0b5ad91465a83091bf1895d85a4267f9,05421,sao paulo,SP,2026-01-01
7e016f9ea275279784f42e0642214284,646d643b4ac1184e383341f8896c3dc8,60764,fortaleza,CE,2026-01-01
764fb80689629a0092fa11ada23a0c4e,2c90fdbc33c7a6f301f4c63f0c962b3f,94470,viamao,RS,2026-01-01
02860b05257510a255778043ce042794,da1e7179b9c5a1494d78528cbcf05aa0,89812,chapeco,SC,2026-01-01
386e96046ce0e77e5c9a9a4e818da93c,1175e95fb47ddff9de6b2b06188f7e0d,81560,curitiba,PR,2026-01-01
b673f0597cb0c4d12778f731045f361a,04e495a3f45df8b41be2e934bbc16961,94055,gravatai,RS,2026-01-01
f69cf4381400f65b36639b8e1c11092a,49e30036e0a9b1d35c61e3095d05e263,36037,juiz de fora,MG,2026-01-01
e20b5cad78dd8fc3006244b5397d5a0f,8ca577639091122b3c581bc89d11da3b,85816,cascavel,PR,2026-01-01
6d491c9fe2f04f6e2af6ec033cd8907c,7eb6b25c03556dfd2a2ee982f42074c2,91450,porto alegre,RS,2026-01-01
a4f6fc82eefc6a54376eea73b27df682,61e65a8282833fe8aa8d7be296a1fabf,23058,rio de janeiro,RJ,2026-01-01
f9ed63010ec897e6fb2c5ce868195a18,c9a91ce6fdb1137f469e8771b60a86ec,08577,itaquaquecetuba,SP,2026-01-01
9ac71dee8847ffe35fb2c087da733cc4,178517ea7fc752dbcbfcad925153cf94,55014,caruaru,PE,2026-01-01
e7ba6d56b812cb7e8c4a285d95f4e476,f8f6ed51ded0d4757a6153f5ce0f8906,88330,balneario camboriu,SC,2026-01-01
6b5ab683c44fe7723cc4dd9ad28ce19e,a50062ee8cafa20668d7fb68e3cdb3cf,36893,miradouro,MG,2026-01-01
eecf2b94cdbe9ef6245fabb5e091c987,94819c1119bcbb29d414ac33b904e82d,18403,itapeva,SP,2026-01-01
3a897024068ed42a183de61d5727d866,adeefbe14d26d3bf90facfeaae35d605,04845,sao paulo,SP,2026-01-01
ad4da04c9e20699c6ad1843af39846d2,1f7d9afd77ceacfa0b5b461a50818806,20031,rio de janeiro,RJ,2026-01-01
2c3642e1392097fb4af76a76fec16a46,08de4d9507128e2ad419e26cc4f22b65,11440,guaruja,SP,2026-01-01
2ca8b7b3830f1551de4a0e4ea27a5e39,366122ec4e27dba7770f9913cf5931c2,03375,sao paulo,SP,2026-01-01
7c1e106bfe425aafa689ac08293ee6b8,15d424086a0e39958d557a39b0638431,03111,sao paulo,SP,2026-01-01
fbfba770bf13f470f63d1854a765a2d3,213ce7ea2a0345a65b4045cf55be42d8,04815,sao paulo,SP,2026-01-01
379792aa619482a6545bd1db3905ab2b,3b81f91785d9ea36cf5177991962baba,04805,sao paulo,SP,2026-01-01
52142aa69d8d0e1247ab0cada0f76023,a6fefcd9f434474cf6fcd8ed1102fd63,55540,palmares,PE,2026-01-01
2fa6eb7ad02d5495e29bebb6d4774257,1f6da708e9a7bd7314954d85603fc0ac,58280,mamanguape,PB,2026-01-01
3523a3beae4b3f9d398b0cf0b2bcb630,7edcd431e5217e39f6d9aed45385d3cd,90130,porto alegre,RS,2026-01-01
55e6b290205c84ddd23ddf5eb134efd4,7f2eb9cf900070f2e7a7f0e95719f85b,13145,paulinia,SP,2026-01-01
79c102ed4db4e20845856cd68660f8f6,ac4aeb840ae2987076143c45d465e8a5,86601,rolandia,PR,2026-01-01
2b4c285c63cde3581cb7d06b70db65c4,e1c02550e84159111c72c83aeb1389dd,39440,janauba,MG,2026-01-01
fc788d5e3648d52793588cb90a77b5a1,4e0e2c55be4484ff485141aa1ae03bdd,73801,formosa,GO,2026-01-01
824841f5112b77c04e832f5a46c2d733,903da68ad12a13ea58f14a292c0c50c6,12320,jacarei,SP,2026-01-01
c2cd065252fa7ad04274d9d69dd9c09e,e808aa0ce98f33e671bf3e5b47756564,69918,rio branco,AC,2026-01-01
225743267e630cdf226d130d80c4aa5e,a39fd8580a18106b255d59465955e149,03169,sao paulo,SP,2026-01-01
ed0271e0b7da060a393796590e7b737a,36edbb3fb164b1f16485364b6fb04c73,98900,santa rosa,RS,2026-01-01
5b6e97fea8528cf0060d86dbd82f9c4a,5143bcc6bc4a69be5dfd6db38f2c1bb3,31550,belo horizonte,MG,2026-01-01
a9d37ddc8ba4d9f6dbac7d8ec378cc95,3c0402bcc3ec3b33fc4430eb6c08720a,89225,joinville,SC,2026-01-01
3fd2baf81d32adb95c43e1d490a8979e,07d04d1635ec5d81de0045c612783e01,88818,criciuma,SC,2026-01-01
738612606cc6f7e646b915359c71ee4c,a2eefe752c732b4960a85852029a89e2,41720,salvador,BA,2026-01-01
aaafc20a8e58530ecb72c7ec1f497fd8,14a188558af6cd5bc222ca773d395a7f,83203,paranagua,PR,2026-01-01
20b5aae6a3e31111009f9a7ecc31a232,e63d1b81ea1a2cc0a9468c06a4305e09,11015,santos,SP,2026-01-01
b8733d346bac6859519abd26e409fd6a,b010c55c8b77285afc3eda1fc35f390c,29703,colatina,ES,2026-01-01
b0830fb4747a6c6d20dea0b8c802d7ef,af07308b275d755c9edb36a90c618231,47813,barreiras,BA,2026-01-01
19d3b3a2d4756af17603e2c35c7c2815,8fa5249534fd9822b86bcf2bd14318cc,18602,botucatu,SP,2026-01-01
7e22aa38ee8f6869c7efd3348b63be3d,17e0f8c75b7598d7786a43f257e5453f,02919,sao paulo,SP,2026-01-01
dfd239feb53ae84d8c50baab69d38133,826c449cf40b8267142abd5c6e753ae2,73802,formosa,GO,2026-01-01
e1cb13d47d802da7d23d6253ed8d7959,66b1d7f471c8c9e8d9f9f624d6962aff,38408,uberlandia,MG,2026-01-01
4156c48bdc8d1ecbfbcfabfefee2d0c7,1738c95dedba6054c89d4c3db87f6fd7,03254,sao paulo,SP,2026-01-01
8fd044742f99625dc8f08f7d3e731fb5,6a4060fb7ba4fdab5ca85e0d7ac38e00,27933,macae,RJ,2026-01-01
597950088114c1a9e2b27459051f40ff,dbc0a39ff0c850cd0358a1fe289095b9,13470,americana,SP,2026-01-01
0385c03f2b10a0a50ee72d8e3649a4b3,b8c64934a84e5ac575aaf1c5d50f340e,19800,assis,SP,2026-01-01
bb2f5e670f7155dc622c57e4b31d0a69,31b8fa2573bde01af4737e8ed29c348b,02346,sao paulo,SP,2026-01-01
fac60d7c4df3896a5af5db6c91e03797,c53e944da3d3ad66ccb7527165b78681,14405,franca,SP,2026-01-01
cae507afa38570ca8b08ae0cbcadd5d5,490aaedd703d157551ba484dbf0ec17c,13145,paulinia,SP,2026-01-01
5f49d01f1579c231565f6629a6cb3c0f,cdd4e05e1a4f6713e1ae3805b30d7df2,66070,belem,PA,2026-01-01
756fb9391752dad934e0fe3733378e57,394b2ce444baae9ae609f5d32000de0f,47850,luis eduardo magalhaes,BA,2026-01-01
1a1b5f9e903aa3c203caf5cb63fca2b1,701a19d561fa7884b12c229759819698,24445,sao goncalo,RJ,2026-01-01
5bb39c890c91b1d26801aa19a9336eac,a71cac9f356cfeb9db35061020806212,02407,sao paulo,SP,2026-01-01
a78b75a2ad06180de06b82857ca442b3,198fa73f9282fb46d9b5b5c25394b7e1,59123,natal,RN,2026-01-01
8eb5e45df7b0f27cc1a3b7ba46219180,dcf468beeda4b0ec3079e3e6b462fa51,41650,salvador,BA,2026-01-01
b6e18008af6aeb4a5ce5574c15ca2b48,4919652599408c4cdb93218f74137435,41219,salvador,BA,2026-01-01
4924a47e8cd5630b3564e26fac55c5ec,38eb5d4dcd39b971746632c47a4eb123,07172,guarulhos,SP,2026-01-01
8a2d6290feaba2aea18c2b8a5a60cc32,1c12fb820ab4fda07eb3d72f03c5ac3b,13271,valinhos,SP,2026-01-01
abbfa19a38ba17ff02883ba523a9d42f,16bc2649f4feeba423feecb3279bd28f,06360,carapicuiba,SP,2026-01-01
010099752e4ca60e61c8a4a669ea9fe5,032cfb33364e07ebcafb4b8a92d7eec4,11702,praia grande,SP,2026-01-01
8d8b4e6ab11b7c08be542cfa4ff6913b,0e914929d9935db92beddb5f3b551a96,89490,tres barras,SC,2026-01-01
9ea999ddb251e229b1c8b4925884743e,57fa50f976b8be14eddbbbe51dcc5cef,79810,dourados,MS,2026-01-01
82e5f3c993ab34fe01c61b83e0bd7efc,76f283349c070c1520b14b89a6e00b7d,25036,duque de caxias,RJ,2026-01-01
7e20bf5ca92da68200643bda76c504c6,576ea0cab426cd8a00fad9a9c90a4494,41213,salvador,BA,2026-01-01
6bfd1870443dc5b9f1297214b35e865b,aea3fa1fa5d8971c35a15b3e836e6d8d,20271,rio de janeiro,RJ,2026-01-01
86f9e3637836ff95e8e339223d2a136b,6753845f8bc48b027c01c90f13d41f3b,40375,salvador,BA,2026-01-01
47e47955af2683fa8896688e8aaa279f,9565b6eb599caea334238cf517c2408b,13218,jundiai,SP,2026-01-01
f3223fd3b2517fa73ebb06dd5f1b0e99,2e15bb92fa33e06e35287ea4d1cafe05,97300,sao gabriel,RS,2026-01-01
3f083b9f62e687be8d84684c7d54c8db,1e7097be947ad5d0f7819bdc9d8d7d0e,24716,sao goncalo,RJ,2026-01-01
4913f37a6cb9e2ba061770efb2ea4e58,161fd742f7217e46d7924d781e8705af,39480,januaria,MG,2026-01-01
0324667bb97f2048e83f77d282a75fb4,3e2157f91502458bc58455fd798ed58a,55602,vitoria de santo antao,PE,2026-01-01
edc2830530b7d989c82121b21e1c229d,c4aafd2eb2916764d0bf1acac201688a,40243,salvador,BA,2026-01-01
796e0c6b3690401bd5592b7ce89be9f2,8e189d068ef04b5a5100820fcf317000,93510,novo hamburgo,RS,2026-01-01
23fa7a1513fdc2b37c2b1ebd9e1db2da,d615b9ec562cef52513c9af50daed0c4,16204,birigui,SP,2026-01-01
2a1dfb647f32f4390e7b857c67458536,5f7d7732b351ce851a158528581af05f,54330,jaboatao dos guararapes,PE,2026-01-01
be64f74b2773efd8d765f8417b65d276,33b141e373b4f251b033f9ed33d6974d,47300,casa nova,BA,2026-01-01
6c2a5ea4fbd1854c3827a5e3b8eaf8cd,ae98f5a00b4d01521a06567ba1f0033d,86450,quatigua,PR,2026-01-01
73e06cdd33db85da3e3df5c0c8404718,6e7a7fc98051aec20afe0f4559e3c114,13874,sao joao da boa vista,SP,2026-01-01
7f47f37aa5317f1a00d397962a0dc7b7,0e2fd48c6bf362339bff97193d659b20,85555,palmas,PR,2026-01-01
7203eb38fea2b4a15dd6c39575314aa4,c59ba65efe3622bcfaf929ecd5fbfbf5,11740,itanhaem,SP,2026-01-01
cce89a605105b148387c52e286ac8335,bd13608b9c6033892ce62269b50a0afc,09182,santo andre,SP,2026-01-01
4f86e2b6bb393847cfaca4bf4b1b82f6,7e5641367b72c03fbc85a214e150060f,15685,ouroeste,SP,2026-01-01
0482519d5e3d179e7a3b00d6722bed50,21af73f960a77885e91a806c06b0c1e3,70330,brasilia,DF,2026-01-01
b1e99a86b163f1f25e7e0fa3360ad93d,cb309a02881bcd95a177ba43abd29e4e,09960,diadema,SP,2026-01-01
500f22fc596ab5a23d2e5ce64ee64859,0680711d6e757ec7287a047650d3896b,79603,tres lagoas,MS,2026-01-01
328d7a69cb9cbaf088eed3ed778804bb,92f65b75e3c4a45c14f410b4aac4db69,95835,mato leitao,RS,2026-01-01
0b9e85491c194a97516c87f30a93abfa,cf50302e77f7141c5923c3bc84ceffaf,36884,muriae,MG,2026-01-01
5371894984937a27cf40c7d20699a786,2d69de392ffdb5def80917230154351d,35620,abaete,MG,2026-01-01
738b086814c6fcc74b8cc583f8516ee3,6e26bbeaa107ec34112c64e1ee31c0f5,21381,rio de janeiro,RJ,2026-01-01
85c6af75161b8b2b1af98e82b5a6a5a5,17030da4cff1fc639556306a1b0ab0c5,24070,niteroi,RJ,2026-01-01
b8c5e65ce798bc0c841638ea0960093b,0ddba04798f1c085d0ca93af0e91f6c1,82800,curitiba,PR,2026-01-01
1fabee44ed07815c74f684fe4826c686,43103ed378c67d1df45d3028173f68f7,65670,paraibano,MA,2026-01-01
eca5e1383292be5fc6c5b1aa3e1215b5,b36e3758a257a9e554bfae4d648b2950,17514,marilia,SP,2026-01-01
8d0c2ae2c7b532f0e90bdd06bc9a04b7,56509f7bc43892a0da09ee14f50a6f84,05782,sao paulo,SP,2026-01-01
60134a69479bd4d54c03fd5076bbe984,8232307186e5914a3bcf85d23e5f447a,28800,rio bonito,RJ,2026-01-01
aa6edca5d83d4c8e9a2262b9847febd6,33e608856217dd0b34bf69e313470406,41940,salvador,BA,2026-01-01
d4af21206f409c5ba8408216b06b00b6,7b6ac9f73f821832a2271276076d5c04,73770,alto paraiso de goias,GO,2026-01-01
2137fd565c784123ceb5a62528749c89,1df745bea08a8a107db186724c8cd2a8,12955,bom jesus dos perdoes,SP,2026-01-01
0df487c45aada9cfdf07f6876f970af6,0b949d3ee12ac9f871346d814ff57080,05338,sao paulo,SP,2026-01-01
81e08b08e5ed4472008030d70327c71f,0e764fc1a13e47e900c3d59a989753e8,36045,juiz de fora,MG,2026-01-01
cfeec5b515f027e2d4374a9ed829307d,dc8c4fe2107e6688666c025fb6a6acad,84300,tibagi,PR,2026-01-01
3f7d26944f7f68bd2ac23b5e8b500ab0,c8d183727fc9b4dcac256fbe246d6270,79112,campo grande,MS,2026-01-01
911e4c37f5cafe1604fe6767034bf1ae,51838d41add414a0b1b989b7d251d9ee,13068,campinas,SP,2026-01-01
0308cb020fb67d56a42bf1296f77dfce,31f587e5afb9ca5efad537ab69de67d6,11350,sao vicente,SP,2026-01-01
6230e4c4b38009c58b83aa90c2603ed9,ae33f41c36f829c6194fdf1ba5721b88,45029,vitoria da conquista,BA,2026-01-01
948b29e24216a05fea13a18d8db45ea5,6740f8899f3c70b5b08b2e0bad37e567,83252,ilha dos valadares,PR,2026-01-01
ba0660bf3fffe505ee892e153a2fbd49,cd2624b9b75d83efb640f7204232511e,04753,sao paulo,SP,2026-01-01
ea0b7ca96e72354232c17d72b8bdf66d,4fe67915d44791a5deab2957c2641048,02562,sao paulo,SP,2026-01-01
05535d34af5324aaf6988e1d890a0d6e,6927dac0fa9c5c972d388e6a77ce7d93,01316,sao paulo,SP,2026-01-01
d177bd6051d525711221cfe59b43aa3b,08c563a0e00983d634746efc2cd9fad6,04447,sao paulo,SP,2026-01-01
b8f2034a26d0832f43daa3a588a9131e,f511b6d115fc112892dbc612cd3d9358,26225,nova iguacu,RJ,2026-01-01
b7b15ab12fa50616eee696a22f098e07,c42ba47d1df4847a1fae69d1407c83d9,15130,mirassol,SP,2026-01-01
0dd5a932b1e29daa12845dbf696cbb54,76c9a12722537319e44c31e70b7815c3,13960,socorro,SP,2026-01-01
cf3c35f463f6a234d0dc10d33dacb41e,fe25d225d2494b252321b09821ebdbdf,27420,quatis,RJ,2026-01-01
838bc2ff67963202eb29e748923c15fa,e8b82b7189d0161005e4bacb11e209ea,68140,uruara,PA,2026-01-01
1a87b8517b7d31373b50396eb15cb445,1c13e7a690e418f5a133c8a219b5a124,20910,rio de janeiro,RJ,2026-01-01
e615ca09613c8f72bf3a0bd5e2d349fb,1d15f7e108877a5588200e84345a9a68,39740,guanhaes,MG,2026-01-01
1c5b37d20011c637ad1a5b6d423c7483,aaff146bd210808c7d004a05966472a7,24431,sao goncalo,RJ,2026-01-01
9c338ea8093192e203bc16add78c123c,5179541696b879141c1f0bb532f988c9,80530,curitiba,PR,2026-01-01
6248396b64eb57dc8522ecd345312daa,b66f4f9f89df0b0973bb1057073887a0,13031,campinas,SP,2026-01-01
b7a7e149c4a6120ec3938bd2752683c2,1fd4f857b3f68f5622ebde22e2b328a6,37470,sao lourenco,MG,2026-01-01
2d0c34b4b379c290f079d39df12304e2,24a0683609e642fe0d86e5e2c97712f5,18190,aracoiaba da serra,SP,2026-01-01
f26a435864aebedff7f7c84f82ee229f,bb4d84a2b45b22ed710ac8c0dec63d1a,08552,poa,SP,2026-01-01
8e2e23cac1496c337274b16fb7d57886,4509c8f5e9f3c62a7fe74eca06996bad,90470,porto alegre,RS,2026-01-01
a5d6b2f5be2eca026d50b24773ef1113,651cd1b09c19982ff7e2174ff41ff18c,14770,colina,SP,2026-01-01
4d69348be3bb86e3326bc320185c5438,5c8a8ede9e5ca9d3276b26d56e7de37d,13256,itatiba,SP,2026-01-01
98647ebe3068d5566c1c2cf026d72239,aa75aabc388e5d825562397365e0ac61,06709,cotia,SP,2026-01-01
938698ae953596e231326da5ff220f68,545d52845f89fb2a0069f8af963812de,72715,brasilia,DF,2026-01-01
19e7a88b34ef70d108e660c6eb33e82a,f329e0e1d8897ffa466a836ed216a23b,03884,sao paulo,SP,2026-01-01
8e1769459d9b9a9989799f6c79a4a663,1b1819e5da72c7a8c26b2e46aeeac553,28380,natividade,RJ,2026-01-01
d7c4d8b45b0a33ff6df7a3950800d4e8,0255fc149c1f191319c8c431479e5d8c,72830,luziania,GO,2026-01-01
2f49811c845d9978f54ea3f61741516d,892b22658ba1feaddb220b7627d32194,13142,paulinia,SP,2026-01-01
61544bf6d5b15f5dcec75603b22fcda8,bf087cbc0138d7066e1c41d1a97973dd,26562,mesquita,RJ,2026-01-01
7d986867cfcd083f25ad4f692bd2df06,ed9fce60567d03fff71f9c06084c998e,68627,paragominas,PA,2026-01-01
9a516f56e5f6f198350066cc99339bb0,7249a976b68003a30adc1203a467cf6c,57060,maceio,AL,2026-01-01
133cb7dc019947e49b9541c6c2795ac8,f9704cfe97e0f31474c90f255b834511,76900,ji-parana,RO,2026-01-01
4338285648648cd4a82f4498801ea736,5c0916024bf8ac6780aa07dce317aaf6,19280,teodoro sampaio,SP,2026-01-01
078d86e7bf40b188f0e5ed6d866c21c4,0319cd43072df023584a1fa0a94d45ce,08725,mogi das cruzes,SP,2026-01-01
9bdf08b4b3b52b5526ff42d37d47f222,932afa1e708222e5821dac9cd5db4cae,26525,nilopolis,RJ,2026-01-01
a559b10d4f093640a0ed4693ce16ed02,9ed19e34d278749a58db6f4659f679b1,06033,osasco,SP,2026-01-01
64fb950e760ec8b0db79154a1fa9c1bf,b11b7871c2b8be2d11fab954f58542f2,18017,sorocaba,SP,2026-01-01
bf141bf67fbe428d558bcf0e018eab60,c756e1910755edd88c00ac3f46baba4b,31255,belo horizonte,MG,2026-01-01
ef21aebbb093a6db29ccc6aa0b89c347,664f7107c351f24b16b68919398730a0,13610,leme,SP,2026-01-01
a8ed087e25b26fb64cbb99033eb243a7,3702265e16e5246cff7462ea675f6d90,29313,cachoeiro de itapemirim,ES,2026-01-01
3135962ee745ef39b85576df7ddbaa99,00b2ca23369b68c4d4105ecea9c0cb93,62970,alto santo,CE,2026-01-01
623438e09482cf7300ffdf9b95ffd9dd,22e8b5bc5e81dfa4a832da8f0b1452da,08255,sao paulo,SP,2026-01-01
1833a0540067becaf59368fe4cd4303a,ca73adc05ad5d0d880de79b5ea3253b3,04053,sao paulo,SP,2026-01-01
7f2178c5d771e17f507d3c1637339298,12e7a2c201751ddc979e7a45cef500f3,01038,sao paulo,SP,2026-01-01
3888989235e31a1848cb782a04a14334,76cf4cc60c7b6d6469c49e11e9b714dc,81030,curitiba,PR,2026-01-01
b634dded0d0e31b899f16cb02e0ed1d0,c829f5071c462c99343ede23887acc21,68488,breu branco,PA,2026-01-01
c622b892a190735ef81c0087973fa16d,439ced9aafa171a1ac88efa951c7db0a,85618,flor da serra do sul,PR,2026-01-01
16110c3e157d455044ea08de22990cac,aa1dad17da0400e391f5eabb98dd5d23,05844,sao paulo,SP,2026-01-01
2b655432dbb2d5e62b02aee3eafada73,0d3d2bb5ba03b60324b0684e614c7c20,13160,artur nogueira,SP,2026-01-01
79183cd650e2bb0d475b0067d45946ac,c77154776ead8e798c2d684205938f71,90620,porto alegre,RS,2026-01-01
332df68ccac2f2f7d9e11299188f8bce,bb7ef994cc22b1fc694ac59fb377b824,39135,presidente kubitschek,MG,2026-01-01
e3fe72696c4713d64d3c10afe71e75ed,c4ebedb09beb89cc0314c5c0c33f8053,09961,diadema,SP,2026-01-01
d854800a320bbb07b484f76894e4638f,a813e96ecd044395587037a8314a4151,86700,arapongas,PR,2026-01-01
ef15b3240b2083e0487762ee2978d2b8,0c8761c28faa9b9930e4a9bb545905da,06434,barueri,SP,2026-01-01
73f826bc89f03a161feac9beef6ed964,323b82df3d9616926c9eb5a0924abfbe,70873,brasilia,DF,2026-01-01
62ffae18a7ca4b2e681c6296180ae346,81cfe11d1b667c768e77b6a9db5fe9b3,22790,rio de janeiro,RJ,2026-01-01
3d2b9ce5685b7810c56c6b8babb0432e,414c84ad495003b943019c464580f531,78200,caceres,MT,2026-01-01
a166da34890074091a942054b36e4265,451e48381edab7f1f6dbfa6d728616ff,89070,blumenau,SC,2026-01-01
ba5166acad480f24f1633e1b8ce21741,ca7afd2f31de9bb06bc2ff8c8f338c7f,86400,jacarezinho,PR,2026-01-01
7ee968b8ed74301e0cbd3e44416cad9d,a0f1a379d9aa6e79e14fc5ee5fcac940,06332,carapicuiba,SP,2026-01-01
f5afca14dfa9dc64251cf2b45c54c363,38cad70d154a4dcc42b598d5c01f7ef1,25211,duque de caxias,RJ,2026-01-01
8918dedf08a051aff27479246e74a5bd,65fb17c692327dfef891bef8b7f33c2a,07011,guarulhos,SP,2026-01-01
841cf7b045782b0ef207f4d8305ea6fc,c035cedb61d638d3e8b48521a714a86e,27276,volta redonda,RJ,2026-01-01
b7ee9b824b4a83b389379ac70585bf3b,ac307db9d15fc5bb19b61298bd6bd1ed,76590,sao miguel do araguaia,GO,2026-01-01
9f5a2f912f123d541a318029712fe90b,e25e370b86824ff1a40d01c259cadd98,95760,sao sebastiao do cai,RS,2026-01-01
1f7945736d0f303827055ca99168ad20,6935b767c9c3c6d8c27c9a840bc5c238,36520,visconde do rio branco,MG,2026-01-01
6e001b127d62e0c00c0dfb63778ae9c0,ffd402998b20b0b8325f54e770264733,12223,sao jose dos campos,SP,2026-01-01
f411a040a2fa31babc72e93f3a947e07,5805f02470aa5a345996c6cf1eae5be1,65480,arari,MA,2026-01-01
77eca4439004e4aad223924d6f254f3f,b523bbcb047483480ac0ac7ea454efb4,35500,divinopolis,MG,2026-01-01
75c1cc8ffdfa39cfba5b62056e1c0f56,fc43c7addc1e0a622818d24929211a54,06414,barueri,SP,2026-01-01
6c5aeca0152670c75e44c9c67eb7c1f3,0b5fbc764612225ace7795b93b38aa35,12321,jacarei,SP,2026-01-01
2368e38c19fd581f0953057716cad811,f81bd58e79b9717dc8a5edb0c4f0b502,05622,sao paulo,SP,2026-01-01
2bdb2502a9b89d8f94ccf1ef7a9f0292,07254adf22ae81855ca01d9a5cda3264,04331,sao paulo,SP,2026-01-01
31ad1d1b63eb9962463f764d4e6e0c9d,299905e3934e9e181bfb2e164dd4b4f8,18075,sorocaba,SP,2026-01-01
a57a381a12573edc7711887551fc961c,e08869b13b8407ac7473e5bd5f534d2a,29163,serra,ES,2026-01-01
75932cfd72b87bd6079cf17786726807,5c00e849b56a56ea31560d5d66f933e9,21021,rio de janeiro,RJ,2026-01-01
65ee4aa816cda8ad41e05c75e1cb691e,e3c0567a8b991a9d812ee91f2650db40,22783,rio de janeiro,RJ,2026-01-01
08999a20d9741d9513c368676f5531c1,a6ddea592cbc5da9970a9a9803c07347,20261,rio de janeiro,RJ,2026-01-01
5134baea6a4f11251fc92a2f358dfb4c,626495d0fb14f39da07290bb8d984ebf,13049,campinas,SP,2026-01-01
7711cf624183d843aafe81855097bc37,782987b81c92239d922aa49d6bd4200b,04278,sao paulo,SP,2026-01-01
b19a370495e4d833f7351b777ef67b4b,7cefed48f155073afe33b11d943adeef,93022,sao leopoldo,RS,2026-01-01
a8331c35b57d8fe09e8df1c06509de29,5e965d35ef2083367ff713df75fa6f16,78655,porto alegre do norte,MT,2026-01-01
818596f5b68adfe2c11498ebb6d39e02,8731e1c5aa27eced509f47d8012ff81e,20270,rio de janeiro,RJ,2026-01-01
72ae281627a6102d9b3718528b420f8a,b8df986511d928829c3192c2ed081eba,03323,sao paulo,SP,2026-01-01
ab4e4f11610404b4184fb812e47bb0ed,0bd4d2600b49eb951489ebc82723a4e6,65930,acailandia,MA,2026-01-01
a2cb2bc236e62cf807925d6cecc245c6,41a1e8124bbc0d73734103301fdd4115,35032,governador valadares,MG,2026-01-01
ede6d420b95b2d4145c3e0de07483597,e8092d3af4962027cd1f45d669494cd6,95625,imbe,RS,2026-01-01
62d788fe5abe032aad2a3e5ce86b37c6,b1e2374fc88dd0dde96b938e49cf1a3a,04671,sao paulo,SP,2026-01-01
047d2000bf864a26eb2559021ec958e2,c3d8a0b18ff1521752caf54292bdd5cf,75980,parauna,GO,2026-01-01
f5b92e56a780e1573737b5ad7d15ab19,16b2beb51d51f455428a8865562fc89e,78345,castanheira,MT,2026-01-01
d23df2c6c3e51d875f458d123b2b3c90,88fbad05557cbc2d2f5fee59d6966716,01549,sao paulo,SP,2026-01-01
e74208f5cce1258bbbb9a55463f0d37a,20afb5e47a145730fe9e8c081318e71c,13486,limeira,SP,2026-01-01
2fdffca8dcdf01547529d45f7f4e8e8f,f2a9bc9a1db05c873e1419654f747f9e,13257,itatiba,SP,2026-01-01
f19622365d4c40c686c8ca3bec559e48,bc7fad0e4189527e86792ba981941140,21330,rio de janeiro,RJ,2026-01-01
92148a85c89c0da621cdc0e1810a23f7,5d81094365fbd7cb0e548f4508fa5e62,26070,nova iguacu,RJ,2026-01-01
eec909ab0da04f0d3e92f898c6994d37,00dd4390a8e8ad7a126e8331decc49ce,20540,rio de janeiro,RJ,2026-01-01
e54533a3ffc29ddafdcfa45434b9b218,0adb4a6277959c538f115b485f2b0495,58032,joao pessoa,PB,2026-01-01
3e8da88b70b67f67a05f66a138bd7f14,900cd19b12a13a27ae64bf2d4f1271ec,08570,itaquaquecetuba,SP,2026-01-01
d9442164acf4b03109425633efaa0cfc,9915eb9f74b6c11aaf04833f65b00e93,38600,paracatu,MG,2026-01-01
20f5a1cf347e797ab4f304906b1557b3,664770508f06c0c2fa1c37fed04a6dd7,19830,echapora,SP,2026-01-01
29ef1f160ce630146dafa02052e2c5bf,68e9aca85421a3dc655325bcdf9c9912,03271,sao paulo,SP,2026-01-01
a9c6cd6cf9583fa5820d55c21238f78e,6c5c77a50c55187a74295b4aee84b778,70278,brasilia,DF,2026-01-01
3a6586139c630a9648d74d1da4a11cd8,8cd6f80d3c3994e2060d46ec07ff0b0a,39960,jequitinhonha,MG,2026-01-01
becd44b937217776c659d9465b22808d,4435c4547dca4cc6909b5f9b513c7993,17340,barra bonita,SP,2026-01-01
eb14560bdf0397941f4146f43f653496,0d997d092f93b5c58d0f9b4bd0643d16,13206,jundiai,SP,2026-01-01
12fd2740039676063a874b9567dfa651,372e0fc66eacb8698e4f9997d366d961,12230,sao jose dos campos,SP,2026-01-01
9deaacc2a9d6b105c1e27790708843b4,cec0f7c6c7365805b89f59923ba96ba8,20540,rio de janeiro,RJ,2026-01-01
2b47ff70d422cc3ada976dea40f48782,8279be4e9b2fbb615ace365178b785a0,21250,rio de janeiro,RJ,2026-01-01
c9573cc1e246dadca50b2a74f795def3,7671178c592895e5beed747367b4a54b,60833,fortaleza,CE,2026-01-01
85fe96297110ae68dd33043dc65a5221,d0c5e56e04e886e73c79b3b71f0d6f0b,06900,embu-guacu,SP,2026-01-01
19402a48fe860416adf93348aba37740,e2dfa3127fedbbca9707b36304996dab,04812,sao paulo,SP,2026-01-01
9b18f3fc296990b97854e351334a32f6,b2cac0b16835dabf811b204127f58afa,06330,carapicuiba,SP,2026-01-01
c1865c11ead00a1bcd19971382032e8a,5c74db72c1cdc37dc37c27542ec62542,96010,pelotas,RS,2026-01-01
084dab2db2bf5d42677b135e633a15ba,ec85abbbac44c1bb668a04903d033b6d,90410,porto alegre,RS,2026-01-01
bf4fe999a2d7bc0465cbd817fac3bbee,9ba98a3b2aa42ee6dcb06da4ef7733c5,08740,mogi das cruzes,SP,2026-01-01
de62761e79f4ae4169cab45ed5f36026,6f19cd82c9d4d5b80bd8fbd24e600576,78135,varzea grande,MT,2026-01-01
2fdfe901849d16dcfd92d3d8f4c5def3,f7b223e244004385231a6e4db45a06a9,19400,presidente venceslau,SP,2026-01-01
e583c743a5c26e0870b08e4e6efeac7f,3df4899f61ce017d60b180c1dedc278e,86300,cornelio procopio,PR,2026-01-01
c0cc17e4ee16598f33ce7ccc36e3b4d0,b329ed361b94aa14781944b23063b5b0,23052,rio de janeiro,RJ,2026-01-01
f962bd6ee98fa707c3e2eb532bab37b0,0e52335ca066271c324be8289cae3251,26298,nova iguacu,RJ,2026-01-01
aa0a85e355a784775696142c2f29aa48,bfdb1f4f667634b7ff30a716e6fafa95,57010,maceio,AL,2026-01-01
a207382f0f563c1f430ef732ade9d9ff,71f93416aba3c29ee0929275f545b506,07190,guarulhos,SP,2026-01-01
05e996469a2bf9559c7122b87e156724,5229b8e4d7d2b9b676c2083c17b1ecd0,93180,portao,RS,2026-01-01
57ee2ef64f17a5f9a4bf30489b06326c,91a7366b39d3620ce44f85fa5d116896,24120,niteroi,RJ,2026-01-01
787b46588e96b01ea8bb3a4bfbccd352,c94e1401ba656f7493a0f9d97edcf24e,12940,atibaia,SP,2026-01-01
86de6692e6fdfad3c3221414dc73d4a9,1176d8491a0ae7e42bc65b08ddd1d924,05318,sao paulo,SP,2026-01-01
076dcea2eb6c8dbe9354f7c0d8670a00,5a014dabe8de0cc29621e8c8d5ebfd8e,42850,dias d'avila,BA,2026-01-01
06872c61a13a4d027504dd0c15d43b72,0e5858cb988e7b7905f137dd56147574,12530,cunha,SP,2026-01-01
e5b2dea74bc86ced6b86f103ca99bcd9,00ecc71175078e2cac5547a5656e9622,05273,sao paulo,SP,2026-01-01
4f31c34bf33334525417bab91b4794da,e8e2449fa453dd320f605734798bb093,41218,salvador,BA,2026-01-01
66a1ad480e947477de23aa06e861feb9,6e29598e4a23df8fd26eabe98846719d,09134,santo andre,SP,2026-01-01
b073fa2486ffea654bcd31968d03d8a1,39aa99192278d43812a46c69c1f2443e,13272,valinhos,SP,2026-01-01
eab22d3171e51fc2a3b380f5da7c7310,181fe5cb523664e70003f36f5ba01d23,63260,brejo santo,CE,2026-01-01
e6c386cfd321a1708aa60ff6b8f46449,5bc4d654dc4eb95cbd977eafadb38383,47600,bom jesus da lapa,BA,2026-01-01
abd4fba77f31f5efdc766a09851e4da3,0be176523405976a37488ad6a2b81031,05412,sao paulo,SP,2026-01-01
bf5f428a6f809242d47242a4159db97d,8c9878027fc2b1d4ab0d641b76ca7010,17380,brotas,SP,2026-01-01
ae9cc596d22235c547acce001f90fc33,930dfe46b364af81db0fb4828bce74c9,74675,goiania,GO,2026-01-01
b89010d4a6acaa06d4ef89043869838e,503f8e014d74b09cfe772d0279c361b9,05145,sao paulo,SP,2026-01-01
13a4684a5a46fcbafb42d8e30af15219,cdf80822e68184b438a469f3dc2121a4,12081,taubate,SP,2026-01-01
56dfafb543cfa4c2edcc08b9b2c5f0c6,e4bd579c28cb9ce017feb990171bc957,04113,sao paulo,SP,2026-01-01
d0e71d7a6dbca8ac513ac63d08a81fa0,5fa1f56316f4154109ceb42651385b7c,09521,sao caetano do sul,SP,2026-01-01
fe4b93d8b5d38fc72f20a95f93511cae,a54ff9cb5691f3de0ad67974bbb905fd,03067,sao paulo,SP,2026-01-01
e8515276707fdd0900308f2cbde32131,383a19352a66cf815661a4e2863f28c4,26255,nova iguacu,RJ,2026-01-01
ed1793d2d1e4175d5846ce7ebb4a01f5,12f5d6e1cbf93dafd9dcc19095df0b3d,82200,curitiba,PR,2026-01-01
753bd08248a5fa2c21da47c01cfd83a3,45677f94e9a07652cc2eb351dd542476,11065,santos,SP,2026-01-01
1910935b7377a45bca463c844d7a071e,0bc50d5cbce10d91edc3e935d068ef0b,04564,sao paulo,SP,2026-01-01
ac7e3d34240c0ebfc003455c2e04d10a,cf2d4b59551f1a621e1dd518d8025d3f,57035,maceio,AL,2026-01-01
4248fddd68e3375c24e743290ce2d9fa,a79c62e50e66e1036ba2cb2e5e00aff3,37190,tres pontas,MG,2026-01-01
2ed973ea37080a94b7beaef7458b2e15,6b4e8c5f7ca346e38498de7c1a96564e,26580,mesquita,RJ,2026-01-01
4cd756c714ca569c2450c24782004147,320c8ec376e4f189744a18ef6027db89,13175,sumare,SP,2026-01-01
21809d6b8acb4ca628358610aea9435c,59f72bd03edfc6d071ee1091ea4dbaa6,39600,aracuai,MG,2026-01-01
a791256150a6975326b329cad239f6f7,edec9dc5759b4c2c62832162127ee800,13190,monte mor,SP,2026-01-01
660673ec54a8b7fe75dcaea60f3f3e0d,663cb908e7dfa34193fa1bbfe3a193e4,04117,sao paulo,SP,2026-01-01
d06f910929d7ece5e8090c5b4ef80b08,22062343697ed12f7c1d0cecd982b0c4,09910,diadema,SP,2026-01-01
fdabedbba76cf0308dedcd99afc66626,826303f32007dc49ba0fbf597caf80ec,62140,massape,CE,2026-01-01
ea23ab6bcf9413b8841a1a69b9af0686,13dbc23e2f9dd054e0ebd8d4f4f47fb4,07197,guarulhos,SP,2026-01-01
de6878ac6d0e66c06927865e86f28f60,22ef5b7c597d6e1789a2c0ee5cf00878,04613,sao paulo,SP,2026-01-01
230ab395e91b2421bd00ea45b60b23cb,cbc1758cf3d80ee00814749bdb650bd3,85805,cascavel,PR,2026-01-01
37751e1671512ad89943d1615b563b1d,7dcb5dc118b501f403aceeb6d438f33f,28908,cabo frio,RJ,2026-01-01
364fbe9334877bc7ca3da92913b2cdbf,99295d295510266e4145b6c536cac816,06816,embu das artes,SP,2026-01-01
0ff9dc143472cb3ff41b9ae4a058b421,4441264fd8b29e9fb8bc6cba8b5dea9f,13080,campinas,SP,2026-01-01
346b61007a25104a5a1b25e1e68b16b0,0f6c4fedab0af76f3af23a6c65efbdc3,12712,cruzeiro,SP,2026-01-01
3b9388d1014c8090f77595c5e9f2ce94,9e0c06f4607e8d1c8b1bb5419446c5b9,80320,curitiba,PR,2026-01-01
a00cedaaa02a3875ce936ecf15c567b9,9862ce221e3e2761a216c537d75d0256,47640,santa maria da vitoria,BA,2026-01-01
e4a32f8f3648818820a821cd577ccdba,c89cf1a054b60f1d893617b0b1a140d7,35170,coronel fabriciano,MG,2026-01-01
2932d241d1f31e6df6c701d52370ae02,f7603d34c795584792a484186233e6e5,03942,sao paulo,SP,2026-01-01
faa299ecd22a2998858efc7cb87011bc,cad2c7327ff2add52d6f2579e541ccc7,04542,sao paulo,SP,2026-01-01
a4555d257db29ef5f838cec4101c5208,f7be9bec658c62ab6240b44cd26c0b84,80030,curitiba,PR,2026-01-01
10ee14e89676c9f43e64a67cae62823b,67172368edf401478f187d09180a1671,54735,sao lourenco da mata,PE,2026-01-01
93ada7a24817edda9f4ab998fa823d16,cd148470c375939669971e8a032b16b4,14091,ribeirao preto,SP,2026-01-01
6928be51d9496f1aab5da8f15a21aba6,6667649dc575c65058507349be078d4f,13630,pirassununga,SP,2026-01-01
