order_id,payment_sequential,payment_type,payment_installments,payment_value,ingest_date
dc400373e624e9b0435847a79813c658,2,voucher,1,48.91,2026-01-01
d0e9849de800fdb4cb3b5e6d42c6b367,1,boleto,1,85.79,2026-01-01
b616f638cd86d92c7cbd06cf7484ee34,1,credit_card,1,20.75,2026-01-01
16e62e9da7d33d61b6f26ccf68bc962c,1,boleto,1,415.93,2026-01-01
407408433ee2a9ed77984aa5a06e2b2e,1,credit_card,1,76.17,2026-01-01
aa466a92af916f9f68e56fce7d3a21b1,1,credit_card,1,159.07,2026-01-01
a41753c6a1d8accb89732e36243432d7,1,credit_card,3,45.69,2026-01-01
7ebe19943d85e81a7b0eb108681276b7,1,credit_card,8,211.94,2026-01-01
7209ce21354cff1e1957b42ea0a76cd1,1,credit_card,8,162.65,2026-01-01
444ebbf5602b5acdad22e0b4a9951bda,1,credit_card,3,372.72,2026-01-01
cf1bc456a0d5c63bb6c94d3b8b2c56e7,1,boleto,1,71.27,2026-01-01
8fc207e94fa91a7649c5a5dab690272a,1,credit_card,5,135.51,2026-01-01
6f209510f34ce1a8c89d11273039981d,1,credit_card,2,51.42,2026-01-01
fc66798245e4d173bcc7eb36eb72a278,1,credit_card,2,179.22,2026-01-01
00bdcdda88e6b02977fc6ce3d412c600,1,credit_card,1,137.83,2026-01-01
38c4ae942b818085578157aabd4abf9e,1,credit_card,2,183.65,2026-01-01
98cc17e56c367cbbe628aca0bbf9f08e,1,credit_card,1,54.09,2026-01-01
c3fd670b03599718895218d479f660b6,1,boleto,1,921.04,2026-01-01
a062c240bb299fa3f0ce55cf05ec8390,1,credit_card,5,77.51,2026-01-01
eba18dfa91e31cf748f9f52b779f9ae8,1,credit_card,1,31.77,2026-01-01
4dadcd5f9e682c17fdc6dded70c048e0,1,credit_card,1,41.43,2026-01-01
b7e4aca3e798d20643faacb681272a9c,1,credit_card,5,172.42,2026-01-01
674b530698f9bd8a9167b30ed86bd51d,1,credit_card,10,229.63,2026-01-01
f26f92a3da58e9c771820a7b4d9a6800,1,credit_card,1,57.68,2026-01-01
7535955a5fee70328e9fe079653e03f1,1,credit_card,1,209.67,2026-01-01
86f408a9212aebbcddb41c1e8c65ebe0,1,credit_card,3,35.45,2026-01-01
c10ff28c81d0b9bd2a265bb0836c8b0c,1,credit_card,7,76.67,2026-01-01
4a5cc9b4e332e03d76bf553a7f2fa5d3,1,credit_card,3,176.78,2026-01-01
6d46f8b7f485ad93146f9880682d4eb2,1,credit_card,4,62.08,2026-01-01
c82a457d646f77c8f151e12a3e517ed2,1,credit_card,3,145.00,2026-01-01
0c6b011f8a4f87010c23995f5807d152,1,credit_card,6,66.02,2026-01-01
d1f54c6a2a7015c5687439d6d4e971ba,1,credit_card,1,92.97,2026-01-01
638f79643fd5681c6e6c6ef1f1ab700d,1,credit_card,2,198.12,2026-01-01
b68d69564a79dea4776afa33d1d2fcab,1,credit_card,9,262.37,2026-01-01
a7cd6af6e0519313887b3c3a120f20ca,1,credit_card,4,43.29,2026-01-01
32931b358e8eb9042cf278a4e233321f,1,boleto,1,512.90,2026-01-01
7e3f9f89f31e57c84fe4ef9a5bb9bc1e,1,credit_card,2,224.94,2026-01-01
6147a4d49752afd35a119d794e481588,1,credit_card,3,47.68,2026-01-01
a98012aa8c697f2bcff9f8c2183e0f2b,1,credit_card,3,158.97,2026-01-01
c788aeedf593229d4ee84e790c2e5483,1,credit_card,2,117.00,2026-01-01
6cd474b81add3c3d62536cab3e34aa23,1,credit_card,2,180.32,2026-01-01
802ee584365ed44c00f4207fb17ae67b,1,credit_card,5,57.98,2026-01-01
186d50e82bb60fc547f3dbf7aa6f6f8a,1,debit_card,1,53.37,2026-01-01
b06112f703115e6d92f3baf4e2458a5a,1,credit_card,6,241.74,2026-01-01
d65c179a817be22977e263fbc1a4fef4,1,credit_card,9,96.02,2026-01-01
e897d96adf4da16805cd6faf2913ce48,1,credit_card,5,424.00,2026-01-01
775130c792f4c6460c63162e994a1114,1,credit_card,2,273.27,2026-01-01
ac244956f757aeeb76242334254bf9a5,1,credit_card,1,0.58,2026-01-01
88c588c116fd06fb8e48dd83af88ec4a,2,voucher,1,27.75,2026-01-01
05387d537bd2e5027aadbfb6a5123e4b,1,credit_card,1,43.78,2026-01-01
32bda40452bf0485c310bca24eb53886,1,boleto,1,44.87,2026-01-01
f833a0260cb98fa615a517d4e4a8cdf3,1,credit_card,8,110.98,2026-01-01
28b2d19e3d604381f30089a68a4e0831,1,credit_card,4,78.14,2026-01-01
6cc4eb51469dec50a6130fe1cd07b7f9,1,credit_card,6,139.17,2026-01-01
18d686f1bb1270182c646fe337459d79,1,credit_card,1,57.59,2026-01-01
76c6e866289321a7c93b82b54852dc33,1,boleto,1,35.95,2026-01-01
bca3dc20a3ec02261c5b17dc270e9e65,1,boleto,1,101.34,2026-01-01
6abaad69b8b349c3a529b4b91ce18e46,1,credit_card,4,57.00,2026-01-01
d3c8851a6651eeff2f73b0e011ac45d0,1,credit_card,1,299.84,2026-01-01
507240e305d631056d7ced5d5ab0eb9a,1,credit_card,1,59.47,2026-01-01
9a40a61b2f04271f655c7423a3fb82a7,1,credit_card,1,130.69,2026-01-01
53cdb2fc8bc7dce0b6741e2150273451,1,boleto,1,141.46,2026-01-01
b3fb87dd5ffb58351fd40c4f9fe03cdf,1,credit_card,2,120.68,2026-01-01
563404de47cdc6763e7eced487016b66,1,credit_card,1,4.35,2026-01-01
f271576bed568e896f99eb710cd3a6f8,1,credit_card,4,824.76,2026-01-01
90855e99e15fa22aff68cdb4323b27c9,1,credit_card,2,115.79,2026-01-01
5691d72069359cd293ac9a14f1bd5e9b,1,boleto,1,72.05,2026-01-01
5a63a60ea2852393994270157cd61e0a,1,boleto,1,77.66,2026-01-01
75f433fd5ff62807235cb08b520c3c49,1,credit_card,3,165.57,2026-01-01
2f4545bda1b1c794a9a35a3fbe4257ba,1,credit_card,2,118.23,2026-01-01
5c2d1d55c31db1cbe069dc9b6454b897,1,credit_card,4,117.45,2026-01-01
53239db74c7835641f106ef90b3d0100,1,credit_card,1,154.90,2026-01-01
5a00ef28abf9645038a7d37c1639d2c2,1,credit_card,5,200.23,2026-01-01
52f166ce5fa053bbb27d317e4fd231b7,1,credit_card,4,446.51,2026-01-01
4652332a6a0d39960cdec082ef7b52b8,1,credit_card,2,164.66,2026-01-01
fb9b2930f4a30f96c7cc98eaaa85e5f0,1,credit_card,5,84.43,2026-01-01
e659b8223be6f632acb24fb80cf50ca9,1,credit_card,4,87.21,2026-01-01
5164933efe0cd14f31424b9badf81f19,1,credit_card,1,141.90,2026-01-01
c4d2f075fc3bf3a06d1e68e113c35cbd,1,credit_card,1,79.63,2026-01-01
25d47ee9a060a0359e8a10a858fc39a1,1,boleto,1,190.48,2026-01-01
0daf1f0e67b534ad873ba61c5d6ad7d3,1,credit_card,5,153.20,2026-01-01
c7172e1a6b8de65fbc6e9e77afda672d,1,credit_card,1,80.20,2026-01-01
d16d35b47ec2d842e3846a4c7f4586d0,1,credit_card,3,77.75,2026-01-01
825c221a4e981f278e9c5ec6ead83a3f,1,credit_card,4,87.44,2026-01-01
112f6cd3047e7f158607233e26206398,1,boleto,1,119.89,2026-01-01
1b00c4d80c81cdbc36487c96c6e92f07,1,boleto,1,112.92,2026-01-01
e481f51cbdc54678b7cc49136f2d6af7,1,credit_card,1,18.12,2026-01-01
04a59fe46fc5aa341da5378c195ed53c,1,credit_card,1,75.18,2026-01-01
858505c5992f35429d07aae37bad60a8,1,credit_card,4,44.41,2026-01-01
74ebfa44a323c96a7760bd693d690a3d,1,credit_card,10,393.46,2026-01-01
6942b8da583c2f9957e990d028607019,1,boleto,1,69.12,2026-01-01
0d09617395364c88c4ad7c457b439314,1,credit_card,3,143.90,2026-01-01
884cb4ce4a06390d35206de06f785d13,1,boleto,1,24.38,2026-01-01
01a75ac3dd000b7628a684be97c29234,1,credit_card,5,58.00,2026-01-01
47770eb9100c2d0c44946d9cf07ec65d,1,credit_card,3,179.12,2026-01-01
a17fec30c4ce5a766edee3f4c7701c0f,1,credit_card,1,64.42,2026-01-01
e9ce52cd563d0124dced659e69eab10a,1,boleto,1,312.91,2026-01-01
8ca57f2b32c00588cab243b2115441f5,1,boleto,1,1480.73,2026-01-01
45ed6e85398a87c253db47c2d9f48216,2,voucher,1,50.01,2026-01-01
68e48e68da1f50f7c5838ea75e3a20dd,1,credit_card,3,392.60,2026-01-01
f4b76dbfe0f911217da5adaa458f5b5b,1,credit_card,5,165.71,2026-01-01
688052146432ef8253587b930b01a06d,1,credit_card,3,346.09,2026-01-01
cfb361b2049fa0ddeb6ca3959fa0767d,1,credit_card,1,67.57,2026-01-01
bd5c9d506fee7419ee3c669d0123a067,1,credit_card,2,27.71,2026-01-01
7845a2492ab1b4f2cf3d56c7b8da1446,1,debit_card,1,44.09,2026-01-01
65d7e9625cc211f641191203e231ac24,1,credit_card,2,210.56,2026-01-01
bb7c5cf4dff9994daeab7c8ee9d287aa,1,credit_card,8,554.40,2026-01-01
a11ebb9e9f1a018eea99fe7105f2d897,1,credit_card,1,133.89,2026-01-01
e37797aedc7cd4ef82278fbc169eecaf,1,credit_card,3,84.57,2026-01-01
d3d6788577c9592da441752e8a1dd5e3,1,credit_card,7,76.65,2026-01-01
33a3edb84b9df4cb49546859b990ac6d,1,debit_card,1,67.50,2026-01-01
5869074071e0f56e9085dc3742c97b2a,1,boleto,1,320.18,2026-01-01
6514b8ad8028c9f2cc2374ded245783f,1,credit_card,3,75.16,2026-01-01
ecab90c9933c58908d3d6add7c6f5ae3,1,credit_card,3,63.34,2026-01-01
fdbd371c335ecb94ccb8a65c37d8ebba,1,credit_card,1,51.07,2026-01-01
d7f4e2f755cf2f40aa7c39804cfe01c4,1,credit_card,1,0.23,2026-01-01
f11e9516ca2b6091b64f2e2ea0ebebb3,1,credit_card,1,222.68,2026-01-01
615ae1b88a25a4ac47fbf55c9c847b6e,1,credit_card,8,84.64,2026-01-01
86b37610c0e86e94afe3d5ba4b73fa14,1,boleto,1,161.30,2026-01-01
fa516182d28f96f5f5c651026b0749ee,1,credit_card,1,209.41,2026-01-01
9faeb9b2746b9d7526aef5acb08e2aa0,1,credit_card,2,151.04,2026-01-01
8efc076145638bcd5298053ddde6ff0c,1,credit_card,1,49.41,2026-01-01
be82da060fda4b85c7fe6ea6512f67e8,1,credit_card,10,163.50,2026-01-01
ebc8d4b1397747291b758772e9d87984,1,credit_card,2,108.20,2026-01-01
948097deef559c742e7ce321e5e58919,1,credit_card,9,95.67,2026-01-01
4c460fdf49b517270b6258ba2d3c1ef9,1,debit_card,1,139.41,2026-01-01
58ac1947c1a9067b9f416cba6d844a3f,1,credit_card,5,124.16,2026-01-01
db115077a7bd949a515922eb40aea6c3,1,credit_card,1,442.52,2026-01-01
3c3fa8869e142a240f57aef59c095f6c,1,boleto,1,228.43,2026-01-01
1a7ee01992a69255a005e9db8a96d898,1,credit_card,10,278.06,2026-01-01
b26eb89dfb4e2d970274ef0c668fd43a,1,credit_card,1,69.41,2026-01-01
95bf775f5db872acb7ac9cf5cdbbc292,1,credit_card,1,48.91,2026-01-01
1d251ab94983c4adb11e4b168abb1439,2,credit_card,4,65.96,2026-01-01
5a0e5ad33542c79b10be87a344ee0086,1,boleto,1,86.67,2026-01-01
aeb4c9d05ab11d7c6c9ca24f8c43bd70,1,credit_card,1,22.79,2026-01-01
118045506e1c1dda060171af43fe11b4,1,credit_card,1,360.40,2026-01-01
b3e2b81932a8bc32dfffd128937c3c5e,1,credit_card,10,220.04,2026-01-01
bfafa269a969ef03e5db5dc7d7a72471,1,credit_card,1,91.19,2026-01-01
0e31f844aae10fe7dc2369bc0340bf21,1,credit_card,5,104.37,2026-01-01
8a0b2bc5c7a1c524635f4de8bae9dffe,1,credit_card,10,1008.30,2026-01-01
5d7f0dc1e401127edfe8b79e174a52c8,1,credit_card,3,67.92,2026-01-01
f70a0aff17df5a6cdd9a7196128bd354,1,boleto,1,313.19,2026-01-01
6a6c7d523fd59eb5bbefc007331af717,1,credit_card,1,40.48,2026-01-01
727412faf7aef5ef3c7e0f03350d80c7,1,boleto,1,83.10,2026-01-01
68873cf91053cd11e6b49a766db5af1a,1,boleto,1,91.66,2026-01-01
40001f4b6e1a35f0b99fc4f44078ab27,1,credit_card,3,216.26,2026-01-01
a33e52fbf9a20b226a588f30d9aab612,1,credit_card,1,28.08,2026-01-01
e69bfb5eb88e0ed6a785585b27e16dbf,2,voucher,1,161.42,2026-01-01
8e3f8be6e1ce8ec5b39dae59e0aabcff,1,boleto,1,154.58,2026-01-01
6f6665c1d76e55561978ccb45bdcafc6,1,credit_card,1,109.26,2026-01-01
b8801cccd8068de30112e4f49903d74a,1,credit_card,2,27.77,2026-01-01
59a0b1e1b934789d033dfb98797d9d34,1,boleto,1,160.30,2026-01-01
de81104d0d1d1a5d4dd09e89a7ea4cd1,1,credit_card,2,136.04,2026-01-01
7297f6bfea2a33ef176cff30f467aa41,1,credit_card,1,38.13,2026-01-01
c0aa0e99afe6f6dac845326a854690fd,1,credit_card,1,131.33,2026-01-01
4d315c56f2d8d8d27bf1a1365d41c923,1,credit_card,3,47.81,2026-01-01
dcb36b511fcac050b97cd5c05de84dc3,1,credit_card,10,146.45,2026-01-01
66cf92fc3ec94fbafc4edd77e0814818,1,credit_card,3,44.42,2026-01-01
477ee3f21cb7374ecfa12433c30f53f5,1,credit_card,10,195.17,2026-01-01
7876404b81dcee26d47be1c7131b16ec,1,credit_card,5,67.60,2026-01-01
d3ca7b82c922817b06e5ca21165c5ea2,1,credit_card,2,108.51,2026-01-01
7842147864c0425541edd55923f3c0f1,1,credit_card,1,44.30,2026-01-01
bba5aa837be7e597e91c6ddedf604cd8,1,credit_card,10,134.71,2026-01-01
c5d58ec8e7e7184d9a9d42b75ffa002d,1,credit_card,1,66.05,2026-01-01
b75b4f6e7c5fe3fa05707992a88d9d38,1,credit_card,5,436.70,2026-01-01
14676aebeb151a1fa4f20e8fc3544621,1,credit_card,5,110.42,2026-01-01
c514dba8d0ed614c6a397d2f0f3fe202,1,credit_card,10,122.42,2026-01-01
919a615149354b4e074eff65adaeae81,1,debit_card,1,60.09,2026-01-01
1b9ecfe83cdc259250e1a8aca174f0ad,1,boleto,1,33.34,2026-01-01
d0d828105d7a6106d4b6cfd55607c278,1,credit_card,1,163.52,2026-01-01
6cb134bb285a64b0425d1fdaa00d4214,1,credit_card,1,2031.09,2026-01-01
1e7aff52cdbb2451ace09d0f848c3699,1,credit_card,4,154.19,2026-01-01
16c24987724018f73b746aacfbb5f8e8,1,boleto,1,180.45,2026-01-01
4da3bd761ca73d692ae0f5c252495546,1,credit_card,1,26.44,2026-01-01
2d816b6a11ddd3843f307d1333321091,1,credit_card,1,26.68,2026-01-01
f9ca536e1ef897f153c183d72ba141bb,1,credit_card,5,246.64,2026-01-01
e7a65190baa4e6fd192246157c0b81fb,1,credit_card,5,53.83,2026-01-01
ad7ddb009f1bcd6c40cb1106471c292c,1,credit_card,8,502.12,2026-01-01
2d5cdc856665603f1580e3586bde89a5,1,credit_card,8,216.93,2026-01-01
e1da8361c76cab67aa3588a1fbf1af54,1,boleto,1,253.40,2026-01-01
f3d418a0887dbfd5bd41c788c87ac28b,1,boleto,1,172.81,2026-01-01
a890088df39d4c062a07081527034784,1,credit_card,2,125.16,2026-01-01
1133f2dfc033ba92bf6c470b20f6f332,1,boleto,1,53.22,2026-01-01
bbd64b019b5ea3ed83a114cc665328ff,1,credit_card,5,69.32,2026-01-01
32e4fa9bb468884309b58b9348de70c3,1,credit_card,1,124.14,2026-01-01
169f6274660e528484fd239aa7d27097,1,boleto,1,124.69,2026-01-01
197edbaa61a8a349f382553fd2180ee1,1,credit_card,4,306.16,2026-01-01
302e27012670f8e2db4418e6c619f54c,1,credit_card,3,96.90,2026-01-01
cadbb3657dac2dbbd5b84b12e7b78aad,1,boleto,1,409.79,2026-01-01
92a9ef7f0a0d392c9ad0d5f44e86b4ba,1,credit_card,1,7.64,2026-01-01
7835af1856de332f2f3c9204b740a3a2,1,credit_card,2,64.09,2026-01-01
a094215e786240fcfefb83d18036a1cd,1,credit_card,1,132.05,2026-01-01
41f5e1d98c342beaa1234b59c89d9f6b,1,credit_card,2,312.59,2026-01-01
d5211af24819d319c02a285e7bb51750,1,credit_card,2,186.76,2026-01-01
351126ee473c51592cb591efea295181,1,credit_card,1,110.98,2026-01-01
2babe10ce6bcb68b1e3bd35e24424466,1,credit_card,1,26.29,2026-01-01
62fcfe5da58296dface200da2e196fcd,1,credit_card,7,76.08,2026-01-01
d396adb7e51ca1bcb4a84cb786fee813,1,boleto,1,722.05,2026-01-01
45ac1d4b219993bf334080eac1585166,1,credit_card,2,136.37,2026-01-01
b335cf4d393acc627b82e83b3b3711fe,1,boleto,1,83.22,2026-01-01
26e7beff0239dc6ed3a8f2bb5972911c,1,credit_card,2,65.71,2026-01-01
be6e034d294e425c514e215bf0b7120a,1,credit_card,2,91.76,2026-01-01
fd180ff2363b236f823a4fa8a2a729f1,1,credit_card,3,31.75,2026-01-01
6ccac061be472c84db514aca9acd26e0,1,credit_card,2,21.43,2026-01-01
662823ed689412b9a2e5085620e06070,1,credit_card,1,62.83,2026-01-01
27f9fff9f14236589804b62bce39f526,1,credit_card,2,140.61,2026-01-01
5c1f2bd7eff419c165428371164d750c,1,credit_card,1,326.36,2026-01-01
dd6d0f11a9c3d2abdc91e95b9598b332,1,credit_card,5,1692.05,2026-01-01
e311f8fc30348d6213964a43f70f87fb,1,credit_card,5,187.87,2026-01-01
65f78a0e1f8b80c4f6d8d5c6073b8601,1,credit_card,2,221.28,2026-01-01
c9205528d5e1b823f414b4f15314c03f,1,boleto,1,60.00,2026-01-01
f112b9fc8967a675670bedf5a2bc6b2b,1,credit_card,5,95.24,2026-01-01
75d4b0b71e66d09b6070bd54c61e20fd,1,credit_card,1,29.24,2026-01-01
a678d97aa95d0393384c211a82455e50,1,boleto,1,24.28,2026-01-01
555e4d40fb6beea866d46eb6a5a01b41,1,credit_card,5,111.92,2026-01-01
565923f847aad52e7638eb189cce3b51,1,credit_card,1,97.81,2026-01-01
dcc3610bd6745b8ec0d84354631fbd3d,1,boleto,1,140.03,2026-01-01
6b7c5703bdc03335b37020877a06625e,1,credit_card,1,79.20,2026-01-01
bac5dc94cc5dbf0810f1919c2aac13cd,1,credit_card,1,79.24,2026-01-01
27a78fdbe7b915a0596af3a5803a41cb,1,credit_card,10,246.42,2026-01-01
49e76d6a1b1f9ff4d04f85b2304ad378,1,credit_card,8,164.63,2026-01-01
74c951ce0835b2741d3014321ae9c480,1,credit_card,5,139.56,2026-01-01
f083654dfd0f9ad9ae0356bf7c68f246,1,credit_card,5,317.53,2026-01-01
443a73a22cd4e0078a47c275b358b786,1,credit_card,1,88.26,2026-01-01
f11b36b3bc7bacf06deef862ed611f02,1,boleto,1,124.76,2026-01-01
a03ad7057fae696dd18f8967826c209f,2,voucher,1,44.41,2026-01-01
d8917c684fbf577ca5d76423b29f29da,1,credit_card,2,123.33,2026-01-01
0f9dc92df0635605588c51ec2e4c58a0,1,credit_card,4,133.35,2026-01-01
f2e97c3464ad5fb53d6be7afcd0e3eaa,1,credit_card,2,33.75,2026-01-01
d22e9fa5731b9e30e8b27afcdc2f8563,1,debit_card,1,121.62,2026-01-01
0adf4c5c9a1399ceefdb7ba880df1ca7,1,credit_card,2,145.01,2026-01-01
cefa8ee1540139ac77fa0c1b4ff1f04b,1,credit_card,1,86.05,2026-01-01
b7a4a9ecb1cd3ef6a3e36a48e200e3be,1,credit_card,4,41.10,2026-01-01
a2ea081c06c12c25c068089e4985745a,1,credit_card,5,110.00,2026-01-01
103355b1bc5b63508c20e2b7eeb58961,1,credit_card,3,139.81,2026-01-01
ea337f88a8c5cab4e99da87460f1b99e,1,credit_card,8,213.56,2026-01-01
b1b5b604a5e207c764779ffb50527018,1,boleto,1,117.97,2026-01-01
d2b9580c38485b5aa4eb815c689c3164,1,boleto,1,148.58,2026-01-01
2edfd6d1f0b4cd0db4bf37b1b224d855,1,boleto,1,141.15,2026-01-01
6bb1e842418aac0c9c820afd3bb63a2d,1,credit_card,3,32.69,2026-01-01
b2ce866408709e3ba155f339e97b8405,1,credit_card,8,227.38,2026-01-01
b0928556a10706af462ca2ab2c91903b,1,credit_card,1,106.73,2026-01-01
ccd7d6d23c5d29de6367dd5332aab16d,1,credit_card,1,22.77,2026-01-01
c6174e20db037528301ee8eaf325a469,1,credit_card,3,235.70,2026-01-01
ac71263052acddd3b2031b5937f8fc30,1,credit_card,10,133.28,2026-01-01
cf8f7b73e35cb19ff895c2f45c1ded72,1,credit_card,3,111.40,2026-01-01
21fc1ff2a7ed8b2ec6ff62ac18d7a1b7,1,credit_card,1,71.64,2026-01-01
c5e754f77f6f127371e929ccb707fce3,1,credit_card,2,131.05,2026-01-01
9e5e54c4be8f6625005c76b7f8801ee8,1,credit_card,3,87.13,2026-01-01
011b142c9e082a5c1d10e0a88cd9c8e8,1,credit_card,1,297.20,2026-01-01
265f4e28ef8cf69f8445e2951bbe7343,1,credit_card,1,64.74,2026-01-01
7ce20b22753ccc86fdb3b6f7efefcc75,1,credit_card,1,78.68,2026-01-01
b3206cf64b7cd1480a6c6f9912b20666,1,credit_card,8,197.87,2026-01-01
8e96f3e6633f7601ec50f3a904c3a3a2,1,credit_card,1,54.33,2026-01-01
b9383cd99539eb0ccb11ab1a62bd0621,1,credit_card,4,78.42,2026-01-01
1f7ef4e37ca10d4ed60f43c7cf81e181,1,boleto,1,40.00,2026-01-01
19721d59a9764437477eff0730b48665,1,credit_card,3,205.26,2026-01-01
93a21c10557cc1b1ecfe2c3a808c648a,1,credit_card,2,338.00,2026-01-01
59b32faedc12322c672e95ec3716d614,1,boleto,1,87.58,2026-01-01
c4d5588c1ee36814fc302422334e67f5,3,voucher,1,50.00,2026-01-01
f98ae4bbfd1a32ea2104c8cf1f64dabf,1,credit_card,1,43.00,2026-01-01
580c882a5805c78546ea65ec6d3690e4,1,credit_card,6,171.32,2026-01-01
e55e8c9f6f33a8562db1430444f22092,1,boleto,1,58.43,2026-01-01
ca0400dec2c292340c373e63b1c2c597,1,credit_card,10,707.68,2026-01-01
446e20f85f1b9cf552376d6f31c983b2,1,boleto,1,89.11,2026-01-01
59d34e1064930d037d30041b73683aa7,2,voucher,1,81.86,2026-01-01
1d067305b599c1e0dceb3864056ea527,1,credit_card,5,170.43,2026-01-01
f644267f332fbcb9fe143fbb7478441c,1,boleto,1,123.04,2026-01-01
2711a938db643b3f0b62ee2c8a2784aa,1,boleto,1,59.10,2026-01-01
7d219bd2feeb13ad311a00db33c06a3c,1,credit_card,1,105.37,2026-01-01
06ad94997dd34a7c2186b82d8e9be6a5,1,boleto,1,76.76,2026-01-01
dd480c63548e3c0b7219520e3784ebd2,1,credit_card,4,201.47,2026-01-01
4d2d8a4224215f680cc5221011347401,1,boleto,1,132.57,2026-01-01
3c9a3ff1e41cb58bb8a24ae6f6eea080,1,credit_card,3,314.21,2026-01-01
99fa6518deac14b2890b49d1645d64be,1,credit_card,1,95.58,2026-01-01
e2676f5f513bf595fcbd506999db7c26,1,boleto,1,343.50,2026-01-01
61988b318aaf57d18336c629bc42cf1b,1,credit_card,3,160.14,2026-01-01
ac7a92560a9e99f0a0ab4988102f491b,1,credit_card,6,107.87,2026-01-01
fa859e78da068661b096bfb4466ded18,1,credit_card,2,145.58,2026-01-01
ed3b269b4badaf0126050c9d4f7b854c,1,credit_card,1,55.96,2026-01-01
ee0c5c649e17808bc4a363d3a80ebf85,1,voucher,1,53.20,2026-01-01
b9f23a5c0cbae81d8a326804b0c7513d,1,boleto,1,65.10,2026-01-01
9f2da077d2d1eb6e8abcacef8776e941,1,credit_card,2,54.00,2026-01-01
769cad60df1d40dccfd5ec163be24654,1,credit_card,4,324.32,2026-01-01
b417d44c131fe6470b3226c7b59f6a8f,1,credit_card,1,75.08,2026-01-01
3783e0b4f1ef0985e0d9aca4629f756b,1,debit_card,1,162.04,2026-01-01
5711d8a02451fd508dc8911ee1fb4ac9,1,credit_card,2,217.10,2026-01-01
7842147864c0425541edd55923f3c0f1,2,voucher,1,50.00,2026-01-01
1f6405caa14a2debb88594b0471ed340,1,boleto,1,148.68,2026-01-01
a3a3b0aaa23eddcb93f63fad71f13391,1,credit_card,3,73.79,2026-01-01
498a0b00b1c51a95e61baebf6379d76b,1,credit_card,3,192.03,2026-01-01
1a08b06cb8b9b557453b70b83fdc69cb,1,credit_card,2,83.41,2026-01-01
f90202d14e468090464aeb4b1f0372ab,1,credit_card,1,102.56,2026-01-01
c93e4c73cba512f76817291e0de8bec4,1,credit_card,7,301.19,2026-01-01
403b97836b0c04a622354cf531062e5f,1,credit_card,10,1376.45,2026-01-01
e92f3505810692cd4a0350b19e2d9045,1,credit_card,2,52.92,2026-01-01
a7076e7aba13de8b66d95a55811290ed,1,boleto,1,51.79,2026-01-01
e6ce16cb79ec1d90b1da9085a6118aeb,1,credit_card,1,259.06,2026-01-01
3bc77ce8be27211bac313c2daa402d1a,1,credit_card,1,66.98,2026-01-01
97d3d89c5b932c10e6d3d4d8c2ba7dd3,1,credit_card,3,137.85,2026-01-01
8bbbef97d763f4dcf2e12cc5b5e0cee6,1,credit_card,3,154.70,2026-01-01
8a49984afb76dae66f3810e1b7093ec4,1,boleto,1,116.34,2026-01-01
f04bfdbef5359607d39e66fccc9cc0de,1,credit_card,1,998.49,2026-01-01
b6a50dc1cfeb4ad7219d3577ab9a2454,1,boleto,1,70.60,2026-01-01
37e32b54f25d2472acbc642f7e539a36,1,credit_card,4,99.33,2026-01-01
10c320f977c6a18f91b2d14be13128c6,1,credit_card,3,132.26,2026-01-01
911fba382ab724c847ae5577e47949d4,1,credit_card,6,177.58,2026-01-01
4570fa83dbb31a563e06db0a554b951e,1,credit_card,6,322.17,2026-01-01
1d251ab94983c4adb11e4b168abb1439,3,voucher,1,53.89,2026-01-01
ca290a06ee0945b956f79c93b5191633,1,credit_card,1,175.10,2026-01-01
83d47a55a238c75386e31ef70f5d8b45,1,credit_card,2,63.73,2026-01-01
8adafb3466daa5395694d3a906ff9d40,1,credit_card,4,218.00,2026-01-01
686541986ecfb7d9296eb67719973bf0,1,credit_card,1,39.99,2026-01-01
275950acf4956dfc3d23514eb61f1d9b,1,credit_card,2,80.51,2026-01-01
87386e2485df1ab61a6d060a092e4d6f,1,credit_card,3,53.82,2026-01-01
c228d309379c3ae545cc6ca2d5aae1b2,1,credit_card,1,48.83,2026-01-01
0f02ea56e4c9e7d30adb19a0c3e07b02,1,boleto,1,86.02,2026-01-01
4edca0186e467f58fe99ab648f604ce8,1,voucher,1,128.86,2026-01-01
f633c884a99eb63866600655356d973e,1,credit_card,7,619.90,2026-01-01
714fb133a6730ab81fa1d3c1b2007291,1,credit_card,4,96.01,2026-01-01
287c56aa824d8d1ea40246ad12013f62,1,credit_card,1,83.05,2026-01-01
45ed6e85398a87c253db47c2d9f48216,1,voucher,1,21.13,2026-01-01
4ef04edb491b8cc23eabe782ced6715c,1,credit_card,1,84.24,2026-01-01
4b87488fb6269f8321508923b95da4d6,1,credit_card,3,38.47,2026-01-01
3f3913e8c7fd221ac82a34ffa20b93ee,1,credit_card,1,55.56,2026-01-01
ddb0d201c7d2c8ce0e966d98128d16e9,1,credit_card,3,41.72,2026-01-01
248ff7b41bfa395f5ee828720889e664,1,credit_card,1,41.69,2026-01-01
54bc2449fbe0368b74470e4280fe494e,1,credit_card,2,132.40,2026-01-01
e3a83a19707a6f27e4fde8d6b13d43f4,1,boleto,1,177.36,2026-01-01
fb6ba131bbeb30fd6db9c8900b5c5b92,1,credit_card,7,77.03,2026-01-01
4f32c93f66aadbd682294f5cedde7c18,1,credit_card,8,237.08,2026-01-01
58b198357d2b68044f885a370a585ff3,1,credit_card,2,112.08,2026-01-01
e5d931ebd7214cd492fff71fb6a2aeff,1,boleto,1,222.70,2026-01-01
9d513821c0477231fc7c1bfd684d13d8,1,credit_card,1,192.14,2026-01-01
77af7c6e42549e58f42977d5be538d0d,1,boleto,1,128.55,2026-01-01
949d5b44dbf5de918fe9c16f97b45f8a,1,credit_card,1,72.20,2026-01-01
83018ec114eee8641c97e08f7b4e926f,2,voucher,1,62.15,2026-01-01
741fd1b80f015f170a7f458cf86769b8,1,credit_card,1,106.38,2026-01-01
1f69e4870ffb8313df2fef3df0af2718,1,credit_card,5,415.83,2026-01-01
0341b60065c49221a27293793f11b117,1,credit_card,4,125.33,2026-01-01
75d1b089800a77f3c4b653e297632423,1,credit_card,2,41.26,2026-01-01
fdf128b3630c21adc9ca4fb8a51b68ec,1,debit_card,1,46.20,2026-01-01
22d17396ac4c177e0ea83929cd4f845d,1,credit_card,10,217.78,2026-01-01
21c71f62d2554e1ad6c8ba9dc7af2c62,1,credit_card,3,74.16,2026-01-01
46f3c70ec2c3e58a0c126aeb5d10d9b9,1,credit_card,8,695.61,2026-01-01
34276839abbc2d596eb36540d36c624c,1,credit_card,5,217.78,2026-01-01
ec07555943e04d757937a8bea3a75ed7,1,boleto,1,126.33,2026-01-01
da8be3bb62e9bf01e2e1a3bfd74ebd1a,1,credit_card,10,2751.24,2026-01-01
00571ded73b3c061925584feab0db425,1,credit_card,4,389.82,2026-01-01
6de3383be650cfe96aed26171ad65c47,1,credit_card,5,355.77,2026-01-01
c263211bd219538f7c031591e87ef0d7,1,boleto,1,753.94,2026-01-01
9db49839ad325c2bf4303df727694be2,1,boleto,1,62.74,2026-01-01
ec3d63b91b19bedcbe453ea0df14dd50,1,credit_card,2,117.96,2026-01-01
cfd355e6233b9854f7decc72472f9c3e,1,boleto,1,36.77,2026-01-01
5b96fa278c2b3c1e29c190ef1b651d08,1,boleto,1,36.52,2026-01-01
5acce57f8d9dfd55fa48e212a641a69d,1,boleto,1,43.00,2026-01-01
1e8c81805b92ff169971231458670460,1,credit_card,8,257.94,2026-01-01
4b81496f1e0fd587a7394ba1e1b8aebb,1,boleto,1,18.76,2026-01-01
9370fc845feb5045400765a17c075cae,1,boleto,1,82.70,2026-01-01
a4591c265e18cb1dcee52889e2d8acc3,1,credit_card,6,175.26,2026-01-01
2042abeefae68e63a8aa30edd4b0eb48,1,voucher,1,162.04,2026-01-01
0dad6beca7ed0e352668498c29089900,1,credit_card,6,110.89,2026-01-01
bd3f8b3f4ff1469c0709218f7fde9fe8,1,boleto,1,43.22,2026-01-01
c9c52a849ead8fc8b85d828ae740ec78,1,credit_card,7,76.65,2026-01-01
794f771a39b24c7c47aa9eb198f066ed,1,credit_card,2,36.75,2026-01-01
c2d07d9078b700b9198a126183867c16,1,credit_card,2,30.79,2026-01-01
908e767e28908dc5ec61fe0ef8ef03f9,1,credit_card,6,63.46,2026-01-01
989225ba6d0ebd5873335f7e01de2ae7,1,credit_card,1,63.10,2026-01-01
1b5bd1070a7857f30e0856e204f30f25,1,boleto,1,46.69,2026-01-01
5a88502f6bbc1f8c972aa98c64830616,1,credit_card,3,103.14,2026-01-01
54912035e047f9834df97cdfef0d2768,1,boleto,1,21.04,2026-01-01
95266dbfb7e20354baba07964dac78d5,1,credit_card,3,187.57,2026-01-01
3f596c69e8e78788530d898331118c7c,1,credit_card,3,44.37,2026-01-01
a027919471097ed720c04340e1495e1c,1,credit_card,6,315.84,2026-01-01
9dc8d1a6f16f1b89874c29c9d8d30447,1,credit_card,4,916.02,2026-01-01
05ae7d6bd78e2a61f4c0076a9d690aa8,1,credit_card,1,235.83,2026-01-01
bb90b02637daa6d6ea968529eed50699,1,credit_card,1,307.68,2026-01-01
64ea4c51ad1203229ba011693f35da54,1,credit_card,3,104.87,2026-01-01
a865adb8bec2475e30e835eaf1b9e7d6,1,credit_card,10,339.09,2026-01-01
0917636d789ce3b3eac37895935af5c2,1,credit_card,1,85.14,2026-01-01
c2215076050fa358934105b15c34cf3b,1,credit_card,2,102.03,2026-01-01
38971812f1db9e4a30885e5574dcbe53,1,credit_card,3,259.98,2026-01-01
f312113915f8f85b447cbbb41a3bda73,1,credit_card,1,59.68,2026-01-01
d4ab8a264235be36f72a07621046d082,1,credit_card,5,215.15,2026-01-01
9855054362f487c4f25172bd0b8a44cf,1,credit_card,1,127.89,2026-01-01
cc06813c8d9909633f390ed9b5df999f,1,credit_card,1,173.59,2026-01-01
641fb0752bf5b5940c376b3a8bb9dc52,1,credit_card,10,386.33,2026-01-01
afe207b8795179c5b29bc4c2f0052178,1,boleto,1,124.50,2026-01-01
90349f264a3d6a2525a34598d09dda6b,1,boleto,1,314.34,2026-01-01
4d4ef6cd8147028ffd8c18dc0f6e3050,1,credit_card,8,87.58,2026-01-01
d262943abbea3ae2db6528a4261ba247,1,credit_card,10,188.31,2026-01-01
d118d545516947d2d82fda28e9d631af,1,credit_card,1,112.10,2026-01-01
47cdb12caf2067098633bc9a0d3679f7,1,credit_card,2,144.99,2026-01-01
ae17bb94dfb3eaf396cd393eace1de80,1,credit_card,1,57.46,2026-01-01
a06c43ed81f5c604287461f4d21949ce,1,credit_card,2,137.04,2026-01-01
682fba8f9ac0c164d162ff702d6bcc23,1,boleto,1,46.78,2026-01-01
0132451f29a10b66a5cf1bacc85f9afe,1,credit_card,3,215.56,2026-01-01
9f035a4126d6f9cf43447e9b8eb6abae,1,credit_card,10,295.00,2026-01-01
3ad68235680db3c8a491e0362402fd96,1,credit_card,1,22.38,2026-01-01
4f38a875c972c4803a792f62b999b4cd,1,credit_card,4,247.68,2026-01-01
97c6f98cd025659444b815df5050d8d7,1,credit_card,3,163.97,2026-01-01
83ea47ad24b5fce57aa5ade0fd069c94,1,credit_card,5,58.14,2026-01-01
6a6c7d523fd59eb5bbefc007331af717,2,voucher,1,136.13,2026-01-01
4fe2fd5509bca02cbd39aa5b3eeb2a8f,1,boleto,1,51.20,2026-01-01
17c2ee64306efa76f1389315a974eeba,1,credit_card,5,91.18,2026-01-01
83018ec114eee8641c97e08f7b4e926f,3,voucher,1,24.86,2026-01-01
f3e7c359154d965827355f39d6b1fdac,1,boleto,1,104.11,2026-01-01
f049e19134a95d09c806851a5ea1872e,1,credit_card,1,31.75,2026-01-01
4fc42727f0b542099a7568206da01fa6,1,credit_card,5,100.34,2026-01-01
c761a8b74f1e876bc5efc4186f720e27,1,credit_card,10,101.90,2026-01-01
cc86a65e920aceb9fe3bbe49bab2bd52,1,boleto,1,46.01,2026-01-01
7206b86ea789983f7a273ea7fa0bc2a8,1,credit_card,4,49.69,2026-01-01
35b7d83c8629ba8d0f718d9d293cf436,1,credit_card,8,179.22,2026-01-01
714e2644ab665027234ed7a6b3e82274,1,credit_card,6,66.74,2026-01-01
343076b69aa1f03ee4beb49cf6baee58,1,credit_card,1,206.87,2026-01-01
b436fd24a04e7267307e1d900faa8eb1,1,voucher,1,62.75,2026-01-01
df6e64a3be9ccea48c3bfe8e096e8749,1,credit_card,2,107.78,2026-01-01
c09652e16426e2ecbb85f2617192904a,1,boleto,1,399.25,2026-01-01
3c333445207b077f35c9e81a7e7c7273,1,boleto,1,74.63,2026-01-01
e69e2290db6b2d3b7593a40112e1a82a,1,boleto,1,126.67,2026-01-01
f3381b1e6c37c70f2b3c9d211b166412,1,boleto,1,108.77,2026-01-01
694630e7a7713c116a9b7f0ba3377382,1,boleto,1,121.68,2026-01-01
939e85580cc5404abd2ba9df25330fb8,1,credit_card,4,57.20,2026-01-01
d52140bee663636aa4f6057e50bc06a3,1,credit_card,3,147.28,2026-01-01
409e4a6eadbdc33f16ccf0bda01eec1f,1,boleto,1,195.92,2026-01-01
b276e4f8c0fb86bd82fce576f21713e0,1,credit_card,2,188.41,2026-01-01
a57a5bbb57b15b49050bc6a58a2f240e,1,credit_card,1,48.99,2026-01-01
a4163ebff79ff34a631c57d5350215ae,1,credit_card,10,148.18,2026-01-01
35660aec0cc42b6257e24281ee0e6255,1,credit_card,3,155.00,2026-01-01
e481f51cbdc54678b7cc49136f2d6af7,3,voucher,1,2.00,2026-01-01
92a9ef7f0a0d392c9ad0d5f44e86b4ba,3,voucher,1,25.00,2026-01-01
045c9852284420b9c02d156436e1481c,1,credit_card,1,55.13,2026-01-01
fbf9ac61453ac646ce8ad9783d7d0af6,1,boleto,1,125.43,2026-01-01
a840a7a89e3d9137358eb7b9408681fe,1,credit_card,5,305.70,2026-01-01
663830a477534735bbdec9de01113fa2,1,credit_card,1,38.41,2026-01-01
b60b53ad0bb7dacacf2989fe27ad567a,1,credit_card,1,301.30,2026-01-01
f7fd9088963ee4f442fd642219d80fb5,1,credit_card,3,69.90,2026-01-01
634e8f4c0f6744a626f77f39770ac6aa,2,voucher,1,227.20,2026-01-01
31b157fa9491800710e3feeb482ccee9,1,credit_card,1,122.37,2026-01-01
95d9d2979d40161be87292ff88563cba,1,credit_card,3,64.58,2026-01-01
cc66dee6fbc18bb79903c3a2cc14ff52,1,credit_card,6,136.40,2026-01-01
f61b61c2cbb4192ccaf9c2c76a4cc971,1,credit_card,1,49.73,2026-01-01
2807d0e504d6d4894d41672727bc139f,1,credit_card,1,17.28,2026-01-01
c619ac0f9cdcfcebdfb9490451166da4,1,credit_card,1,159.04,2026-01-01
09d3f9f1be63c067456cc619076685a1,1,credit_card,1,63.86,2026-01-01
d92d62eadcca8fd6509c4d0afad5b2c2,1,boleto,1,98.69,2026-01-01
b92fa055c4f004d4ae52eccce4efbe5f,1,credit_card,2,42.68,2026-01-01
5f69f6bf68dce110479aa0bb515b47c8,1,credit_card,1,38.72,2026-01-01
434d158e96bdd6972ad6e6d73ddcfd22,1,boleto,1,508.17,2026-01-01
c8627adf430caff83161acbeb344d8f5,1,credit_card,1,285.59,2026-01-01
6e09e14cbfbf46215f17805edfb79aae,1,boleto,1,44.09,2026-01-01
5561adcb0fd46da4cad3048fa4e7fc00,1,credit_card,1,109.35,2026-01-01
0ac645ddb846d1373321decb39c9956f,1,credit_card,1,134.66,2026-01-01
c26b94aa87e95d1c1eb1b592f43eb223,1,credit_card,2,204.06,2026-01-01
d62387acb3914789e712406e9882e549,1,credit_card,3,99.90,2026-01-01
fbbd2907c49e21c3c105257b12772380,1,credit_card,3,222.38,2026-01-01
d10090be5f75fb89b6817469f0ce1a30,1,credit_card,2,32.13,2026-01-01
734e7d1bbaeb2ff82521ca0fe6fb6f79,1,credit_card,1,43.46,2026-01-01
c158e9806f85a33877bdfd4f607b72e7,1,credit_card,3,100.91,2026-01-01
64a2b20e6611bf80d933549f4c45ad84,1,boleto,1,40.78,2026-01-01
39a0eaa2a980c810beaf68d76e52fa96,1,credit_card,2,198.16,2026-01-01
6f5a2dbe5ccce73a9d053a542baabd1c,1,credit_card,4,307.64,2026-01-01
0b0f3c7a9bcb6ad1fccab28f9240da6f,1,credit_card,1,96.47,2026-01-01
65312c6e4ce03c0fb633a4ac541949d8,1,credit_card,1,68.59,2026-01-01
09bb35a3939c3181b4a5619cb3918976,1,credit_card,2,116.94,2026-01-01
142ac5357e541e5881d26fc5eb5f3754,1,credit_card,2,311.81,2026-01-01
9c1becadc6a0c6445eb02167b8d1bbff,1,credit_card,3,36.69,2026-01-01
22ff7c206b68858435452298296c2fcb,1,credit_card,5,50.86,2026-01-01
cf18c0b77059499a99818871229ab994,1,credit_card,6,149.85,2026-01-01
0acdae809654a2de1235d18a12cf73f3,1,debit_card,1,66.07,2026-01-01
44fdca9e41cfd8248c3ac1e369447eff,1,credit_card,3,148.23,2026-01-01
faa911f9ff46e53aedc9408c5d6a24ad,1,credit_card,2,112.86,2026-01-01
4906eeadde5f70b308c20c4a8f20be02,1,boleto,1,162.25,2026-01-01
cf3d593f97ce4a58adbd6b488579fa36,1,boleto,1,20.29,2026-01-01
00125cb692d04887809806618a2a145f,1,credit_card,1,135.41,2026-01-01
138849fd84dff2fb4ca70a0a34c4aa1c,1,boleto,1,52.84,2026-01-01
e425680f760cbc130be3e53a9773c584,1,credit_card,1,50.25,2026-01-01
1370fae9b19ee5e01a2d609eb18b7c8a,1,credit_card,8,145.50,2026-01-01
2c3a5e5f5bc3ae78ed5748461e62d47d,1,credit_card,1,69.73,2026-01-01
d8a7be3bdd16ebaf4601bc8252f54a08,1,credit_card,4,128.09,2026-01-01
ee64d42b8cf066f35eac1cf57de1aa85,1,boleto,1,22.36,2026-01-01
d8e2d2a26010eb732a91d8b6952e2c9e,1,boleto,1,99.80,2026-01-01
7753606fb1d0067848f8a1a7ae5abefa,1,credit_card,1,137.74,2026-01-01
7f97f025c45cac922275120fdee4e062,1,boleto,1,34.86,2026-01-01
6ffdb56df83717770ba1d34001f4686a,1,voucher,1,37.54,2026-01-01
2cb414479754a8e1ed07eed0ccfc0778,1,credit_card,6,438.48,2026-01-01
a6aeb116d2cb5013eb8a94585b71ffef,1,credit_card,1,59.34,2026-01-01
af500adf58ab55b8bdd27be8cf81aeba,1,boleto,1,95.34,2026-01-01
ee3fad68d0f56d60e91a2363ec879e44,1,credit_card,5,264.07,2026-01-01
48b7d84507eb52608a007fde9d641daa,1,credit_card,2,49.09,2026-01-01
bfe42c22ecbf90bc9f35cf591270b6a7,1,credit_card,1,42.40,2026-01-01
6abaa1126b7b6ae01eb168ec3da96dac,1,credit_card,1,67.44,2026-01-01
f93af565de05d2427790ad8d0368a80e,1,credit_card,2,88.31,2026-01-01
46c22ce0488991c798933effd2b57574,1,credit_card,2,139.59,2026-01-01
3a830ecb5338f0ff69822d388b64822e,1,credit_card,3,207.02,2026-01-01
1da00355018ed3e0fdd548cf3ddada99,1,credit_card,2,80.10,2026-01-01
28fa410eec232354726af94904c6fa9b,1,boleto,1,100.57,2026-01-01
1446390485bfa8ea593dbd273d725218,1,credit_card,8,102.64,2026-01-01
03f83b59e7c7355647462745b18119f1,1,boleto,1,27.60,2026-01-01
43488f856ed3fa3e7d3f8228755d383b,2,credit_card,2,27.77,2026-01-01
def622b4b003c4749c889dd9a0b43eca,1,boleto,1,53.30,2026-01-01
8563039e855156e48fccee4d611a3196,1,credit_card,4,106.95,2026-01-01
c3716204ec5bc2bc5593bee858279148,1,credit_card,4,88.49,2026-01-01
9a886ac42ca6eb5571fbdd1bdd8be02e,1,debit_card,1,37.86,2026-01-01
dc400373e624e9b0435847a79813c658,1,credit_card,1,0.33,2026-01-01
14d68c5b215a31950340dc9cb3f73efe,1,credit_card,1,137.60,2026-01-01
7b2f3756c235e93b2ad6330c54805401,1,credit_card,1,82.32,2026-01-01
38b7efdf33dd5561f4f5d4f6e07b0414,1,credit_card,1,44.09,2026-01-01
4df92d82d79c3b52c7138679fa9b07fc,1,credit_card,5,109.20,2026-01-01
e69bfb5eb88e0ed6a785585b27e16dbf,1,credit_card,1,8.34,2026-01-01
6a3cdd7762dfe7bfa407496303097855,1,credit_card,1,157.91,2026-01-01
1cbcc355e275e5143ab1dbf260ca14f1,1,credit_card,1,14.72,2026-01-01
8e9e2a5d159d5718b34b926a34a0498f,1,credit_card,1,56.78,2026-01-01
91bcade2288597459e1dbce52d6d0ef9,1,credit_card,6,163.32,2026-01-01
f343624eab419250ad81f1ce6be22c93,1,credit_card,1,85.60,2026-01-01
df8e5e994bcc820fcf403f9a875201e6,1,credit_card,8,96.17,2026-01-01
7d2286ec219f58023352077d938dee48,1,credit_card,1,143.94,2026-01-01
cf771efcb04c578f9d3619f2632d8333,1,credit_card,1,87.55,2026-01-01
673426deedf113369fd0f139e97ed084,1,boleto,1,164.71,2026-01-01
3b4ad687e7e5190db827e1ae5a8989dd,1,credit_card,10,865.01,2026-01-01
a9b151f0c0471d9b2534fa73c9c0e123,1,credit_card,3,206.51,2026-01-01
5a630e3d4aeb6fca86404481eb19cfe7,1,boleto,1,164.06,2026-01-01
690199d6a2c51ff57c6b392d7680cbfd,1,credit_card,3,73.25,2026-01-01
eb7aac057d7c17adb860b770451ae250,1,credit_card,6,328.82,2026-01-01
95e42e6aaf6264cd3e77c06b32dc3003,1,credit_card,8,92.85,2026-01-01
b2f3763408103bc7173bb36ed02dbeea,1,credit_card,1,402.49,2026-01-01
f9f76d0f8ab416a42a2a3dad0d710162,1,credit_card,3,286.54,2026-01-01
37d6c8f1b209eab8d1b6522a1a3e4d88,1,boleto,1,35.24,2026-01-01
8dbdb81783a3c754dc9441826510a36a,1,credit_card,2,117.20,2026-01-01
1ac605c3c8e2ee53279c7b0bd52c6aec,1,credit_card,5,177.02,2026-01-01
6f36c999f8ef8d1a3a999079a5b637aa,1,credit_card,10,262.86,2026-01-01
962debbd5f682617761de8b0f7789bc5,1,credit_card,1,47.74,2026-01-01
cafc9b2f7d35ec42bdb74347cc6e8a70,1,credit_card,1,55.63,2026-01-01
3ec2c982a9497e2aa32da12b18ce7266,1,credit_card,1,77.38,2026-01-01
d7f4e2f755cf2f40aa7c39804cfe01c4,2,voucher,1,30.22,2026-01-01
b8bfafcbe46deea4900feeffb2d6afaf,1,credit_card,2,86.02,2026-01-01
68a001baa8dbd45ba5096b470f57a498,1,credit_card,3,59.10,2026-01-01
1a4cc55b483d875e3b8bbd64a1b31bba,1,credit_card,1,67.05,2026-01-01
f419e615bbdeb34741d4bdd661ff8599,1,credit_card,1,75.10,2026-01-01
9f882c1f904b7dd156572ada58d7a7ae,1,credit_card,1,102.74,2026-01-01
6d7de866a140b19d09e825b2a4e944c7,1,credit_card,1,139.80,2026-01-01
f056d4857c146c38ff02566b3e152bca,1,credit_card,1,183.13,2026-01-01
bd3e89bd89fac4760b244047d795e2fe,1,credit_card,5,61.75,2026-01-01
1d767ef13195f2cb3337b6b077e1f752,1,credit_card,5,157.16,2026-01-01
1107e64e1795b6cf551a7044612e8bd8,1,credit_card,4,161.84,2026-01-01
ccbabeb0b02433bd0fcbac46e70339f2,1,boleto,1,43.00,2026-01-01
a236ae70310b60403c3adac81f96d5e6,1,credit_card,10,186.10,2026-01-01
f15ee2f37da0500e278ec213c201edf3,1,debit_card,1,347.31,2026-01-01
f7959f8385f34c4f645327465a1c9fc4,2,voucher,1,22.03,2026-01-01
f2fa3795760c35b8c05fa8e2f09d5143,1,boleto,1,518.39,2026-01-01
f7959f8385f34c4f645327465a1c9fc4,1,credit_card,1,6.83,2026-01-01
d86359a45e3f6c6d8b35f7b13e41abf5,1,credit_card,1,124.70,2026-01-01
4d630f57194f5aba1a3d12ce23e71cd9,1,credit_card,2,240.23,2026-01-01
3d34d8e3ea34d73617a75deea86ced48,1,credit_card,5,106.16,2026-01-01
92a9ef7f0a0d392c9ad0d5f44e86b4ba,2,voucher,1,0.14,2026-01-01
01855f880aae9a984c7c33b26fcf2e02,1,credit_card,2,95.52,2026-01-01
cdbe906438125d1d5bf88bb289f8ed61,1,credit_card,6,132.49,2026-01-01
b5ae10bf67afb6e14718789096f22787,1,credit_card,10,1075.12,2026-01-01
d44b754260def6c94daa9e661e530044,1,boleto,1,147.64,2026-01-01
cd864dfff08db3d739750d749ec053b3,1,voucher,1,47.10,2026-01-01
06875ab72c5b9bb2eb303a70031bfeb0,2,voucher,1,22.68,2026-01-01
b9afddbdcfadc9a87b41a83271c3e888,1,credit_card,3,75.68,2026-01-01
550a019d25590b5b3b6d31c0fd3edbbb,1,credit_card,1,41.86,2026-01-01
23f553848a03aaab35bb3f9f87725125,1,credit_card,2,117.77,2026-01-01
6ac882284d5fcde113962e178ba0edbb,1,boleto,1,48.60,2026-01-01
02aec12849744e266394182861265286,1,credit_card,4,210.64,2026-01-01
711f6009f8bf028b3fa426696b581432,1,credit_card,3,63.08,2026-01-01
a2fc0d6559cd85b95e1a02c8d97d55ec,1,credit_card,1,27.38,2026-01-01
d977821da81b766c90bcd3351f0dbf19,1,credit_card,1,46.13,2026-01-01
0bc4a984d79279c843421830f595273c,1,credit_card,7,85.52,2026-01-01
0197cb265e2c84b9f89dfd784095d2f6,1,boleto,1,378.91,2026-01-01
1b99333d39cf95f48be3864b2e1e88b3,1,credit_card,4,49.84,2026-01-01
66f6b3a33b0339acbf55dd71977c4293,1,credit_card,1,85.24,2026-01-01
96f182413ae321e91ee91f3e422c6416,1,credit_card,1,91.79,2026-01-01
0c228d925a49aa5e3b35febb948f4f72,1,credit_card,2,161.01,2026-01-01
b323a1bf3949211f3d9fbc43772534e6,1,credit_card,3,102.13,2026-01-01
5713bef560364e39ec1630ff62449492,1,boleto,1,39.85,2026-01-01
2728209b1b0553533bce4afc52716b60,1,boleto,1,383.98,2026-01-01
f373335aac9a659de916f7170b8bc07a,1,credit_card,3,59.18,2026-01-01
14986dd5b5dc6b4203bda6666311e4d0,1,credit_card,3,169.30,2026-01-01
9cf566da5a3277749dbd61fa060e8110,1,credit_card,5,205.57,2026-01-01
67b47f35ec923e39f1203f3cfa80f5e3,1,credit_card,4,41.69,2026-01-01
f175d67589e059cbbda956f10f0702e6,1,boleto,1,18.62,2026-01-01
a910f58086d58b3ae6f37aa712d377b9,1,credit_card,5,145.66,2026-01-01
3b14820d642ea72e95df3289b6539c1c,1,credit_card,1,95.40,2026-01-01
e4de6d53ecff736bc68804b0b6e9f635,1,boleto,1,231.12,2026-01-01
e91398c99556f8519e116e6ca4f774e1,1,credit_card,1,60.22,2026-01-01
b52d29abb97a3978df1d8922bfe36fbe,1,credit_card,5,283.54,2026-01-01
75351e48296ef42211a0b80c427aae57,1,boleto,1,98.16,2026-01-01
40c5e18f7d112b59b3e5113a59a905b3,1,credit_card,3,128.68,2026-01-01
7d7b903bbd7d3b762ad60115c30185f2,1,credit_card,4,123.38,2026-01-01
e346cd9299371b18c0b28e8e29a5e376,1,credit_card,3,42.59,2026-01-01
15fb9c745e91eff5482a9af2a5fad0e6,1,credit_card,1,137.38,2026-01-01
07fbc4f433fc8754c492bc6dfb0b1c52,1,credit_card,1,116.13,2026-01-01
64a9f2b487f66506d463ca18152280e8,1,credit_card,13,135.52,2026-01-01
2d9ea2efa410b1efd6bbd47d126819b6,1,credit_card,1,98.82,2026-01-01
e9280658289b5c5215dcc3b7183c0541,1,credit_card,1,35.69,2026-01-01
50c71607b83f5edc9a65e7c7d9910b1a,1,credit_card,1,105.28,2026-01-01
6c12feac9a308e1382d9b19cca7f20b2,1,credit_card,4,220.97,2026-01-01
6a4b06a2b62d1f2c69cf1f7a4eae074a,1,credit_card,1,46.85,2026-01-01
7fd4d653725c9338a9c3eae892dbf616,1,credit_card,1,63.37,2026-01-01
eba75422c6a2414d3cd8289123e64200,1,boleto,1,140.67,2026-01-01
955e2b622db1a1f4031ef035ce9a861f,1,boleto,1,211.89,2026-01-01
aa2e81559d88cca16ac122e7627078c8,1,credit_card,10,125.43,2026-01-01
80d36d94a5ac668fd0479b5e848207c9,1,credit_card,5,319.99,2026-01-01
db0d194c127a36909de3bda3edad30bc,1,credit_card,5,145.50,2026-01-01
6245ae0abd9de1ae647b5da78c0ea69b,1,credit_card,1,74.74,2026-01-01
9ceb8ab5165cefecdddb546cb5a6362b,1,voucher,1,138.09,2026-01-01
45ed6e85398a87c253db47c2d9f48216,3,voucher,1,0.00,2026-01-01
df82ea7ca7f0f799161e0fd92c3ab96a,1,credit_card,2,355.38,2026-01-01
08652363092b158440e2422e7c3ccaf4,1,credit_card,1,82.59,2026-01-01
492bed007520827cbed51959e4ce4385,1,credit_card,2,94.31,2026-01-01
0ab63e307694f40a88a0ecd358c0939d,1,boleto,1,163.13,2026-01-01
93ec3e2c9a4beee38c28973d307093e1,1,credit_card,3,204.45,2026-01-01
5f674c43ef69fe052df34f1519f7bc12,1,credit_card,1,133.46,2026-01-01
1790eea0b567cf50911c057cf20f90f9,1,credit_card,4,224.90,2026-01-01
a69bb719ee2c8b4a25bf1a1a5f3ae686,1,credit_card,2,109.35,2026-01-01
98e54ac24cb241c366307ed88ae84902,1,credit_card,6,400.65,2026-01-01
4630b9ea86d473a936d6dd589cee8b22,1,credit_card,3,38.16,2026-01-01
25ebb07a1069a75d3cb9baf0a94f22d0,1,credit_card,8,201.42,2026-01-01
ed91235fc08276eed0470b26a6dbd4a3,1,credit_card,5,363.96,2026-01-01
14e6e050a57912543937e93051cc7b2c,1,credit_card,1,68.63,2026-01-01
f31535f21d145b2345e2bf7f09d62322,2,voucher,1,100.00,2026-01-01
7ab9c55c59eaeea579d047e2d8aaed81,1,boleto,1,22.46,2026-01-01
8447ff843b2616c50c0ced28ab1dae03,1,boleto,1,238.69,2026-01-01
675bc8cd15e6b9225582b9161288670f,1,credit_card,10,258.90,2026-01-01
0d13e311818a800d01cd46fb35dd3c27,1,credit_card,7,166.70,2026-01-01
c75acba615d2db29345327974641467d,1,credit_card,3,111.89,2026-01-01
6fa204b6cf6dcfe6c9adca7dc53aa32a,1,boleto,1,108.01,2026-01-01
18905a8655f8255bf50d2eeadce2641e,1,boleto,1,30.53,2026-01-01
390d4039e108e33c6a93031f5f3f9e0d,1,credit_card,2,455.29,2026-01-01
e3447938231fb6ba2fee0231b51eca59,1,credit_card,2,172.14,2026-01-01
e811880120e802367a37c73fdbc0a7a2,1,credit_card,10,596.27,2026-01-01
10918fe4d665fda80034712895c2b92f,1,credit_card,1,76.18,2026-01-01
879195f2460f97ab2f3bf119f2e8638b,1,credit_card,1,39.75,2026-01-01
6c2953724cd30669e1b904e179a2346f,1,credit_card,1,66.78,2026-01-01
5487a8ac1699754d975f853ce8bb9321,1,boleto,1,187.19,2026-01-01
8f06cc6465925031568537b815f1198d,1,credit_card,9,317.34,2026-01-01
f376081d7c5f1767fbc7fae2d19ca32e,1,credit_card,1,309.72,2026-01-01
22bd668810988f93e2c335459e72a312,1,credit_card,6,76.63,2026-01-01
258f2e5dd769d9314b349f5650005dcc,1,credit_card,3,165.40,2026-01-01
b34523b3a1e3a1ad856985080738c879,1,credit_card,8,299.75,2026-01-01
f29d0fd6d4e6d5ce550e0b2f9335116c,1,boleto,1,69.90,2026-01-01
6be749c0e984143242faa174d084889f,1,credit_card,1,223.54,2026-01-01
c3cb4c7c4b963ab08b07a5dca5baf05d,1,boleto,1,134.58,2026-01-01
4bb6e6f5af26e1f5951d934386615406,1,credit_card,4,94.74,2026-01-01
813f8916cd12b887b0fa271f3263a4d3,1,credit_card,1,42.42,2026-01-01
d7f4e2f755cf2f40aa7c39804cfe01c4,3,voucher,1,30.22,2026-01-01
3d087f98b006ae162b5e3b56e7bfdb4a,1,credit_card,7,72.64,2026-01-01
432aaf21d85167c2c86ec9448c4e42cc,1,credit_card,1,54.36,2026-01-01
0ae7144116fa718b3bb90cd8d855713a,1,boleto,1,133.02,2026-01-01
3ec275bc012162de739c7ab6dcf11677,1,credit_card,3,88.08,2026-01-01
91b2a010e1e45e6ba3d133fa997597be,1,credit_card,8,192.68,2026-01-01
f3c95cc4d7074e5b709ac1a9c10dea1c,1,credit_card,2,25.46,2026-01-01
39ca4fbb87367cf7440fc32125b86202,1,credit_card,2,38.96,2026-01-01
0fc34e566d3273325c404c113f4a8b2a,1,credit_card,2,205.07,2026-01-01
fe91d55ea129eb6d5a2d5fc82bcacbd0,1,credit_card,4,47.30,2026-01-01
34513ce0c4fab462a55830c0989c7edb,1,credit_card,1,114.13,2026-01-01
3bb580c88504df63102b61f70164fb75,1,credit_card,6,319.11,2026-01-01
87afd3fd1ec1b984a228c772b5dd2a4c,1,credit_card,8,96.43,2026-01-01
72344ea1113e3227494c465a64ae58aa,1,credit_card,1,64.79,2026-01-01
a0411a1811cf1c3c1312372cb0495c6f,1,credit_card,3,193.82,2026-01-01
fd9b8ed51e5ffedf7a56bea36cc5b6f9,1,credit_card,3,43.32,2026-01-01
b65067f5a1e9e4aea30dae0dc505119b,1,credit_card,1,31.99,2026-01-01
eb270c4cbf3671961f3883e8b888571b,1,boleto,1,106.97,2026-01-01
1c5998a66da200447c5cbb528969a95a,1,credit_card,5,57.00,2026-01-01
bb4f0c21ae6014e40ef007ff6fbcbeb9,2,voucher,1,31.06,2026-01-01
c3664571c21d82f7d8ada5770af419f9,1,credit_card,1,36.35,2026-01-01
7b58fca3faf09217a36d5febee5739a5,1,credit_card,3,76.76,2026-01-01
bcdbb3b243d4e882503b919785e2343f,1,boleto,1,696.15,2026-01-01
d2741de337666d1bb01913f415e6643f,1,credit_card,1,36.77,2026-01-01
f30607daae66843552e00843c6de88ef,1,boleto,1,695.99,2026-01-01
93b82c635931ca55e5d20e0d095507ce,1,credit_card,1,101.78,2026-01-01
f8ebe0a43498e8d689afbbfec4b3eaba,1,credit_card,4,107.78,2026-01-01
895e066de0072faddf0044db8e490353,1,credit_card,5,376.39,2026-01-01
5ec8f4e8fe5ee3fd5460b244d0804f9e,1,boleto,1,83.33,2026-01-01
ce9feeba53c652dd6569cca62e2bb287,1,credit_card,1,56.86,2026-01-01
e5d48f5d3719ee190629a850e362dc57,1,credit_card,1,48.71,2026-01-01
62a56f9bfe98de42bcdbe6cc57284dfb,1,credit_card,1,48.79,2026-01-01
2b72a32a2c3e93fa260ca7655073886f,1,credit_card,10,1255.43,2026-01-01
08763574782690116475ea62ffdecadb,1,credit_card,2,85.24,2026-01-01
3dddd02cc38fbaa0a544a1e928aee40e,1,credit_card,5,62.69,2026-01-01
92a9ef7f0a0d392c9ad0d5f44e86b4ba,4,voucher,1,25.00,2026-01-01
6b860b35691d486e45dc98e3514ec5f6,1,boleto,1,574.36,2026-01-01
4380bb6c7d8375926bbea2c8b514dc8c,1,credit_card,1,36.00,2026-01-01
66d03fb3c4b0f80b5db04ef9c260336d,1,credit_card,1,96.01,2026-01-01
ba4ddff2b9082f079de9a84d7a5605fd,1,credit_card,1,65.47,2026-01-01
56472b840118d1bfb244c6cb42581ae6,1,credit_card,2,319.88,2026-01-01
91c75b7ba1ec17918b96773bc0f8f443,1,credit_card,1,22.04,2026-01-01
76a1ee4ee17ea3b77f3c483c0a73e9c1,1,credit_card,3,79.15,2026-01-01
06875ab72c5b9bb2eb303a70031bfeb0,3,voucher,1,22.68,2026-01-01
a5474c0071dd5d1074e12d417078bbd0,1,boleto,1,21.38,2026-01-01
b693d6c35867fa1937455e04f2547df2,1,credit_card,5,109.31,2026-01-01
b7ed5b357d48b6c8f588c5cf0d7ddf5d,1,credit_card,10,173.53,2026-01-01
86e574a0701d15590bf31783bc7de5dc,1,credit_card,1,112.46,2026-01-01
746347ecc5cc9cb88a346545608fb635,1,credit_card,1,49.76,2026-01-01
25b6b32773813a83fe535d412fa6e805,1,credit_card,2,107.95,2026-01-01
ee038389c9f437f7c0e2d1b105a26038,1,credit_card,1,306.11,2026-01-01
a6cd683d4bd3b9b1f0aa37b27f8116d3,1,credit_card,6,609.90,2026-01-01
5447160f15621601fa9ba2b94f4906b3,1,credit_card,1,161.77,2026-01-01
31426d292a5d34315a18ac11d6eef7eb,1,credit_card,2,92.57,2026-01-01
0a4a2fccb27bd83a892fa503987a595b,1,credit_card,5,63.34,2026-01-01
ac64f79a33bfa575fc5a17e7926df3d5,1,credit_card,10,1119.60,2026-01-01
ec3b583694db9a04ad2928a8f0546207,1,credit_card,4,118.90,2026-01-01
4d315c56f2d8d8d27bf1a1365d41c923,2,voucher,1,100.00,2026-01-01
4709741e829775567b92abc42437b461,1,credit_card,8,117.74,2026-01-01
4b3a605942f29d490cb74bd6ace6b9f0,1,credit_card,1,38.10,2026-01-01
d9a79759e192eeea9d5227b706bb6155,1,credit_card,1,53.00,2026-01-01
5e99f3c445038a0709b2aea8e34ed593,1,credit_card,1,77.03,2026-01-01
d17dc4a904426827ca80f2ccb3a6be56,1,credit_card,1,54.82,2026-01-01
e5a7c745f93cb381d78042cdef65b05b,1,boleto,1,31.75,2026-01-01
f169bd689fb8b32ccd62df9050aebc0b,1,credit_card,8,772.08,2026-01-01
232b75e8b6faa6ca2063184414e634a7,1,boleto,1,180.95,2026-01-01
8736140c61ea584cb4250074756d8f3b,1,credit_card,1,83.69,2026-01-01
203096f03d82e0dffbc41ebc2e2bcfb7,1,boleto,1,118.86,2026-01-01
6d231a099f98f5a590ad78db56ae82f1,1,credit_card,1,42.27,2026-01-01
16e38caa92e342c7780f68832f832d4d,1,credit_card,8,243.36,2026-01-01
ed24759a0ae96582e88fdca0c0997d22,1,credit_card,6,102.85,2026-01-01
ba863950726dd067d21b2262ab48df78,1,credit_card,1,60.13,2026-01-01
c4d5588c1ee36814fc302422334e67f5,2,voucher,1,250.00,2026-01-01
9dc9f2ae74e006656a3312dd31e76b5f,1,credit_card,5,100.04,2026-01-01
0438fc3e115633e11a93c878a1591016,1,credit_card,3,264.22,2026-01-01
bb4f0c21ae6014e40ef007ff6fbcbeb9,1,credit_card,1,14.89,2026-01-01
d83706c29baf36eedf5e8adfb0da304e,1,boleto,1,43.95,2026-01-01
7107c5823a581db0314f8f0fa95f61e7,1,credit_card,1,84.91,2026-01-01
60550084e6b4c0cb89a87df1f3e5ebd9,1,boleto,1,66.79,2026-01-01
267e5fff0e80197e6553c5596ed81dbd,1,credit_card,1,35.36,2026-01-01
ac2b7c522d811acba0aa270ed3e112e4,1,credit_card,10,315.24,2026-01-01
86f21bf63784876b9fd6d35f46581d72,1,credit_card,4,120.84,2026-01-01
476984a30a6929077bedabbefc98ce38,1,credit_card,2,98.28,2026-01-01
72144791fc7fd8048eafc90d7f82ba54,1,credit_card,2,27.98,2026-01-01
556bbf53c2c22fbb9ef31a414dd444a6,1,credit_card,6,67.50,2026-01-01
18bf036204cea32b152a8e2a2f2bab40,1,credit_card,3,147.59,2026-01-01
56ecd129e9283080044e40f77065b350,1,boleto,1,86.25,2026-01-01
a03ad7057fae696dd18f8967826c209f,1,credit_card,1,33.68,2026-01-01
86e6162676905a8c6ad0bcbd7df8debe,1,credit_card,1,40.60,2026-01-01
c4d5588c1ee36814fc302422334e67f5,1,credit_card,1,13.78,2026-01-01
56bd45163229b35ca0ab490c1e3d3233,1,credit_card,1,76.85,2026-01-01
ea12bd9ee4b9a167ce287004482769e1,1,credit_card,1,92.57,2026-01-01
d3c64cf55752f7821e85e7ea9b9b3f30,1,credit_card,6,339.86,2026-01-01
bb3b61a129aba9eeb10bb81a4770f3b1,1,credit_card,5,272.80,2026-01-01
0d25f1b15acb59ceff22667265743132,1,credit_card,10,374.15,2026-01-01
c186ebe3937470a2f562a2dc0bc74dd7,1,credit_card,2,65.71,2026-01-01
634e8f4c0f6744a626f77f39770ac6aa,1,credit_card,1,7.08,2026-01-01
54c48a1401020a79d5d52ff20cb07aa7,1,credit_card,4,111.21,2026-01-01
36530871a5e80138db53bcfd8a104d90,1,credit_card,6,63.79,2026-01-01
3923e3ade70348985bd2ca389905cf19,1,boleto,1,78.15,2026-01-01
54d591a90dbfa19ae578252a9b5a2720,1,credit_card,8,137.23,2026-01-01
32e4fa9bb468884309b58b9348de70c3,2,voucher,1,20.00,2026-01-01
b2bd1f09c1b8a4a36940f6f6e49d5dec,3,voucher,1,29.13,2026-01-01
62fe29a53926ef67e73c4b5f3e1ba6f3,1,credit_card,3,42.09,2026-01-01
c4cffa375b754170e9823a1fe9ac75bb,1,voucher,1,96.62,2026-01-01
0f8532e6a9c1e86b215fda5c13f37fad,1,boleto,1,783.12,2026-01-01
5e0311cb517d342851ca3b346cd4c5ab,1,credit_card,1,70.12,2026-01-01
d9cfa4b0f995deb2fa9758d5534e1d13,1,boleto,1,148.69,2026-01-01
ad2b0f4fd912cd3c834e5976c46b75b7,1,credit_card,6,345.46,2026-01-01
16cb3a72f04e248a1244b076ce0d9bb7,1,credit_card,3,224.77,2026-01-01
f9fe35b6ddb4b18faa9a9a683e20eaea,1,credit_card,2,130.27,2026-01-01
6f841dde94727854eaff3f66432c80ea,1,credit_card,3,192.95,2026-01-01
4eeecb9e657525024b9b538730c5f974,1,credit_card,3,31.22,2026-01-01
2d8f8f85abccae68275f423d878f2b7e,1,boleto,1,78.09,2026-01-01
2b0ff3c2ec4265091bba2e1e5d9aa762,1,credit_card,1,113.31,2026-01-01
b23b43e19386862a7c0aaa27c80e782f,1,credit_card,2,56.76,2026-01-01
9d48a2dfef2e0cb6155f816b9bf8489c,1,credit_card,1,20.04,2026-01-01
5ff96c15d0b717ac6ad1f3d77225a350,1,credit_card,3,32.70,2026-01-01
43d88b0e949865904334dd5b3ca63f50,1,credit_card,2,58.28,2026-01-01
136cce7faa42fdb2cefd53fdc79a6098,1,credit_card,1,65.95,2026-01-01
9d047c83463a30fcc3f2b361d9a33d2f,1,credit_card,2,46.93,2026-01-01
ca0400dec2c292340c373e63b1c2c597,2,voucher,1,50.00,2026-01-01
6a0a8bfbbe700284feb0845d95e0867f,1,credit_card,5,101.74,2026-01-01
37104fd8b73d0691fda9491fe8906808,1,boleto,1,122.22,2026-01-01
06875ab72c5b9bb2eb303a70031bfeb0,1,credit_card,1,2.32,2026-01-01
0f93b20928bc59f8571a39b03ed0c1bb,1,credit_card,1,77.57,2026-01-01
9885fff91f7c807525f8320e5292a3db,1,boleto,1,156.67,2026-01-01
747996a66f5aa711deb8ae58f5ae46a0,1,boleto,1,18.62,2026-01-01
f5218a2401f92542f87b1de5bc3f92ff,1,credit_card,4,55.52,2026-01-01
315ab79b5d15b5e9304d729579d36a42,1,credit_card,3,34.86,2026-01-01
b0ff8ff92f8d916fa2e8005cd8e1a135,1,boleto,1,73.34,2026-01-01
c0e59bb74c6b71dbd39b3073120e957d,1,credit_card,1,93.12,2026-01-01
ad21c59c0840e6cb83a9ceb5573f8159,1,credit_card,1,28.62,2026-01-01
3acf8c12de0c5a31ce57671e97cb48a1,1,credit_card,6,236.41,2026-01-01
3606d0126c19d4197f835572f5162c20,1,credit_card,3,335.48,2026-01-01
9344ccd01ff5fa7ec2aef0ee7e1c49c3,1,boleto,1,51.79,2026-01-01
7e3e92dc3eaf5389f32da97228f7dd0e,1,credit_card,4,95.21,2026-01-01
06ae7271902bbb087fc093137fee6e81,1,boleto,1,96.80,2026-01-01
49e19ca07e42bde08630a08e50ad980e,1,credit_card,10,133.25,2026-01-01
d4922affdd87d3e42657243354c7acd1,1,credit_card,1,58.95,2026-01-01
7958d9e7f3083099780539e0054d0c54,1,boleto,1,48.08,2026-01-01
6051e6d3da9a50b7325cbe9c81025062,1,credit_card,2,258.50,2026-01-01
d74d2985a4c187334dc59722076a2e5f,1,credit_card,4,257.42,2026-01-01
20a6605d8265ca357d15eaf4f6710f63,1,credit_card,5,105.28,2026-01-01
7156f3e0b94405abcbad1a8c94557338,1,credit_card,2,28.46,2026-01-01
cd0019d8419b82109ff269d8b4e18791,1,boleto,1,307.00,2026-01-01
5342acb7b183acec77f59e4d78f7c804,1,credit_card,1,150.21,2026-01-01
f3c916d220c67cd493a09b5bb17bfc23,1,credit_card,2,140.08,2026-01-01
f9c8a2771f663e15460ae6ba93205354,1,credit_card,3,73.34,2026-01-01
263ba12390d0fbce329dd16da8cd20f8,1,credit_card,2,147.33,2026-01-01
9f2ff91a3b8c4c34b7847c9c68971cfd,1,credit_card,3,119.24,2026-01-01
633dfa0c56ae5c0c7f2e90620ad55b2f,1,credit_card,1,56.50,2026-01-01
61898b3ad4d51459e014bc6d4c2e7166,1,credit_card,3,128.85,2026-01-01
a0d5b8474423ddf55228373b81a46272,1,boleto,1,89.88,2026-01-01
9b2fa9acfe395734a133a58bcbfb9776,1,credit_card,3,318.37,2026-01-01
48a928c553c276852b35ce90fedfeee2,1,credit_card,1,42.69,2026-01-01
7d1ac7d65c6b5d59a9ac241fa41da57d,1,credit_card,3,35.09,2026-01-01
f6f6a68d78c7dd4b319f6df3c846094b,1,credit_card,1,89.36,2026-01-01
563404de47cdc6763e7eced487016b66,2,voucher,1,20.00,2026-01-01
b01875821b8dcb6abc61776f0f971bce,1,credit_card,10,142.16,2026-01-01
c1f0e475378c6500b5907a2134bda1da,1,credit_card,4,54.10,2026-01-01
f848643eec1d69395095eb3840d2051e,1,credit_card,4,88.90,2026-01-01
a82922658c32130591989ddab7111ed6,1,credit_card,10,617.69,2026-01-01
cd81fccdeffb11e33de701e2c53c85c6,1,credit_card,1,83.61,2026-01-01
e6190dea235662449d160357e46eaec8,1,credit_card,2,89.88,2026-01-01
bb27f9e70d5cdc66d0c616aee3dbb387,1,debit_card,1,499.40,2026-01-01
f31535f21d145b2345e2bf7f09d62322,1,credit_card,5,123.26,2026-01-01
777ee9a9950b655601a65012d4e45584,1,credit_card,4,249.70,2026-01-01
91d7491c6b0eada151a7e307697841bc,1,credit_card,3,73.72,2026-01-01
884b1394fc8888e6a877df86eb19e74c,1,credit_card,2,55.04,2026-01-01
90e4c72e836cb3e0bea6a31fd981a346,1,credit_card,7,102.03,2026-01-01
3bbbeac55063ea854a8b5d32a2cbf8b0,1,credit_card,1,158.94,2026-01-01
06a6627d9cc91a04e9d146bf65fee0a2,1,credit_card,1,113.62,2026-01-01
80d817467dc3d0a4bb5ab8986c962b1f,1,credit_card,1,132.88,2026-01-01
50fe82ce977520094518dd8618d7331a,1,credit_card,1,13.39,2026-01-01
d30680568af2e9f0aeba3420292df26d,1,credit_card,4,126.11,2026-01-01
338d39656f66d84fdf7b2d9b578121bf,1,credit_card,4,81.11,2026-01-01
9defaf92cff22420e4e8ef7784815a55,1,credit_card,6,62.69,2026-01-01
82daed31f80350ce51f518369a8d181c,1,credit_card,5,96.88,2026-01-01
3faf126d8a3b0684272791cd3c6cf3fe,1,credit_card,8,368.11,2026-01-01
20e0101b20700188cadb288126949685,1,credit_card,5,105.56,2026-01-01
eea0eb694d4eb8ffa2ed9279f4c348e5,1,credit_card,1,81.55,2026-01-01
e22b71f6e4a481445ec4527cb4c405f7,1,credit_card,3,34.24,2026-01-01
62a12e4d2a742b2491d7c00d2d79bf52,1,credit_card,10,299.72,2026-01-01
88c588c116fd06fb8e48dd83af88ec4a,1,credit_card,1,1.74,2026-01-01
41bb5cee06dbf170878a9ef93ac7e7f5,1,credit_card,2,23.69,2026-01-01
b2bd1f09c1b8a4a36940f6f6e49d5dec,1,credit_card,1,23.09,2026-01-01
b16cec67cb3f5a4bb31abe8988b43d19,1,credit_card,2,141.67,2026-01-01
974c1993ab8024d3ed16229183c2308d,1,boleto,1,84.56,2026-01-01
95a74a28d622001aafb5dd088ea0d88c,1,credit_card,5,50.68,2026-01-01
ac244956f757aeeb76242334254bf9a5,2,voucher,1,89.70,2026-01-01
f847298c3beb552989d31c5f673da6fc,1,credit_card,2,76.34,2026-01-01
e897d96adf4da16805cd6faf2913ce48,2,credit_card,6,430.89,2026-01-01
f396e1280028fa9c8c83111abee5f2e9,1,boleto,1,455.38,2026-01-01
b88d7ae9bd78eac18e8b6ceb04695fb8,1,credit_card,2,46.00,2026-01-01
6efcd938092fe73904610b4bd39b2e7f,1,credit_card,2,146.44,2026-01-01
72ee4a26e767e55282ac10e63c7b1227,1,credit_card,2,112.77,2026-01-01
664c5e57eb8479a79caeb79fc79699ca,1,credit_card,1,63.98,2026-01-01
9472d3c8a0ad463cbfc89897334431da,1,credit_card,2,20.03,2026-01-01
77e9941864fc840be8e4b1ba5347c0f7,1,credit_card,1,103.27,2026-01-01
8cd615f11b504c1ea4ea2d07e7ac2930,1,credit_card,1,44.97,2026-01-01
f97a6e53615dfc1488e4bcf3dfe1cb2f,1,boleto,1,44.10,2026-01-01
1cb6cfd9e6306cfe607017391834999a,1,credit_card,2,208.70,2026-01-01
eafef0e6c44f121531569a69a318c3b3,1,credit_card,3,81.21,2026-01-01
bcdbca456c84595f3dadfbef9eeeaf51,1,credit_card,1,50.95,2026-01-01
84398110dbaecfbc9ef3dc592c6b189b,1,credit_card,1,58.62,2026-01-01
6699d7eb202a80ad0dd024134fe5ed60,1,credit_card,1,36.69,2026-01-01
ee990334acb0ff9333b01afa465f3006,1,boleto,1,445.32,2026-01-01
38c1e3d4ed6a13cd0cf612d4c09766e9,1,credit_card,2,188.94,2026-01-01
a87f63f16c37c383775f476c6f22b635,1,credit_card,1,45.78,2026-01-01
412fccb2b44a99b36714bca3fef8ad7b,1,credit_card,1,140.88,2026-01-01
e6c3435aca88a50c893f06b6b13e9242,1,credit_card,6,64.39,2026-01-01
a1ba9164e568e28f6977c343fb78e9b1,1,credit_card,2,87.76,2026-01-01
b5e23127e5bc161906c1d23be69f7e16,1,credit_card,9,147.16,2026-01-01
ec1fc57b72a7bbe5b32f9c606510db76,1,credit_card,2,174.42,2026-01-01
0bb0dd89956cc5f44ff556c2189e7160,1,boleto,1,54.00,2026-01-01
bd4bd0194d6d29f83b8557d4b89b572a,1,boleto,1,37.83,2026-01-01
7c18eddfcd24680d80a502346221614e,1,credit_card,10,423.67,2026-01-01
cfa4fa27b417971e86d8127cb688712f,1,boleto,1,46.16,2026-01-01
4207ad8e0e4e4070f271c930d25f72d7,1,credit_card,4,155.14,2026-01-01
af5b0604e113e1526593d505a26ef39d,1,voucher,1,28.62,2026-01-01
40ef667b4259d5f521a0fd1a093d0415,1,boleto,1,63.12,2026-01-01
ee43d4bf4491386fa4837c502b9c3f4e,1,credit_card,4,139.69,2026-01-01
9472d3c8a0ad463cbfc89897334431da,2,credit_card,5,68.99,2026-01-01
1c35ac660d7ef6691b25d20df3d6eccb,1,credit_card,7,74.03,2026-01-01
04040ee654b248cdc512a68ecc83e4cc,1,credit_card,8,275.19,2026-01-01
1f3fcd02b6ab99b6b499dcd412076175,1,boleto,1,154.76,2026-01-01
6f954a919130aa1e8def4ed1b9fca432,1,boleto,1,22.18,2026-01-01
2ba4074f243f2ec78961779a7c89b1c3,1,boleto,1,117.94,2026-01-01
d0d85933667e8a90939ca37947942b62,1,credit_card,1,48.95,2026-01-01
acce194856392f074dbf9dada14d8d82,1,credit_card,10,227.68,2026-01-01
36ebb4199031e72a1fa964549b88c377,1,voucher,1,133.25,2026-01-01
5f071a8534fb6805fa6ec902f04219e4,1,credit_card,3,92.64,2026-01-01
1d5b194c01e762aa59a47ae8dca7199f,1,credit_card,10,235.13,2026-01-01
6379750dac6a8a1e11378e34278ae8df,1,credit_card,2,73.34,2026-01-01
e995d128a5a5bd59d704a736c4a75fd5,1,credit_card,7,73.68,2026-01-01
598cd40a798aa27cded050fe918ffbe7,1,boleto,1,587.94,2026-01-01
06bafdd8b6d0b5befb44337a7674a1ec,1,credit_card,1,91.05,2026-01-01
3b881091c6fc2687191b01c705287c13,1,credit_card,10,189.34,2026-01-01
6d60cc495dfb5a5851f56f188c4e4059,1,credit_card,1,35.86,2026-01-01
89165e6d4c28047da0adf13ac8b3e1b3,1,credit_card,1,118.35,2026-01-01
2ce1ad82022c1ba30c2079502ac725aa,1,boleto,1,130.56,2026-01-01
f0a82a328fd64b2796242bbfddb7e1d4,1,credit_card,1,378.83,2026-01-01
acbe07f22f29ad7e5a78f30008cc6ec7,1,credit_card,2,124.12,2026-01-01
bc024a50e4e6ff5212d0febb0f4b4a37,1,credit_card,3,36.09,2026-01-01
191a0013ee3ec32e27da5f85cf028081,1,credit_card,1,154.38,2026-01-01
eb1873ec4d6a2af1c0626a7d08bd9c09,1,credit_card,10,828.08,2026-01-01
38097aba0f729783af8bf48eabf5e496,1,credit_card,2,173.49,2026-01-01
4190ab61a7fced69f3ee84d1da1120cc,1,boleto,1,211.26,2026-01-01
376a342d70faa7a733b871acc701def8,1,credit_card,1,42.10,2026-01-01
3440f090efa1949bc4e9ebd0b89b2b6c,1,boleto,1,69.45,2026-01-01
b2bd1f09c1b8a4a36940f6f6e49d5dec,2,voucher,1,162.92,2026-01-01
4e2160ff7a61b2bf4fbd2e527ea924d3,1,credit_card,1,54.36,2026-01-01
43488f856ed3fa3e7d3f8228755d383b,1,credit_card,2,27.85,2026-01-01
93483f560d46ab6fb3fbf571c59d78dd,1,credit_card,2,149.14,2026-01-01
780fe22baa36991bdbb1559f5b549596,1,credit_card,5,52.51,2026-01-01
141ad0192cfa16174e4fd0a1a7e7ba4a,1,credit_card,3,104.08,2026-01-01
fa4c0ad484374bf0485f99f6a57255a5,1,credit_card,4,125.52,2026-01-01
e481f51cbdc54678b7cc49136f2d6af7,2,voucher,1,18.59,2026-01-01
ef5b03340b5839974405018a62e03f29,1,boleto,1,117.68,2026-01-01
3ef7c7b43ae449415675a6c34720b78e,1,boleto,1,403.32,2026-01-01
39e9813f11fbc948f71cfaf189976662,1,boleto,1,38.42,2026-01-01
12764e11143d316ea2257118daa2e3bc,1,credit_card,1,27.29,2026-01-01
e54613f3313c396f77d8280b9121ea2e,1,credit_card,3,413.53,2026-01-01
56a4ac10a4a8f2ba7693523bb439eede,1,boleto,1,32.70,2026-01-01
568b0f8bb1f7efe803f006abfd707e5e,1,credit_card,1,64.62,2026-01-01
7c3e6d9d783f5fb5927a500abf1cfbaf,1,credit_card,1,61.27,2026-01-01
db0b67b642c6fdc947608f6b2108f802,1,boleto,1,37.68,2026-01-01
cbbb524a0e1646aa6cf7a3c0bbe517ad,1,boleto,1,95.58,2026-01-01
a4b79dbc2ad1b141dcc00a17f2450a11,1,credit_card,8,100.34,2026-01-01
85ce859fd6dc634de8d2f1e290444043,1,credit_card,1,29.75,2026-01-01
db5fdbee9ab29d55f24c329246e6fe51,1,credit_card,3,104.37,2026-01-01
db6a3a98e587a2b75215bf8f467d43ec,1,credit_card,1,133.06,2026-01-01
8b37f436aea079bd73bbcbe103d14a0b,1,credit_card,6,594.55,2026-01-01
dcbd516c0f39081a5e542ef76bbc3fe4,1,credit_card,9,91.23,2026-01-01
d7f4e2f755cf2f40aa7c39804cfe01c4,4,voucher,1,30.21,2026-01-01
83018ec114eee8641c97e08f7b4e926f,1,credit_card,1,5.96,2026-01-01
2978901accabf6eef42711d8133a62f1,1,credit_card,2,223.97,2026-01-01
f76b895a9902ad634abed7eec3211a10,1,credit_card,6,706.19,2026-01-01
9d531c565e28c3e0d756192f84d8731f,1,credit_card,4,40.09,2026-01-01
b028c30dc8af213ae4c26a64446211db,1,credit_card,3,154.73,2026-01-01
31ef15cb5a3faa4df17e96b09cd8c1a1,1,credit_card,1,34.00,2026-01-01
7ac1f3de2cdc809de6aa1e6719451f53,1,credit_card,2,39.75,2026-01-01
e5e7f892785fbe21a339bcd77efdae86,1,credit_card,5,83.62,2026-01-01
6d710101fb9f067dd5385ea1b6021946,1,credit_card,2,22.78,2026-01-01
1d251ab94983c4adb11e4b168abb1439,1,credit_card,6,118.56,2026-01-01
af66c46c49bdb3bf2f862efb1eb67d81,1,credit_card,1,59.85,2026-01-01
2ed75ffbf396fcdc6341f17d1a16ef5d,1,credit_card,2,88.37,2026-01-01
c0e6116a3c6c2d732ec1b43bb7b5f307,1,credit_card,1,43.54,2026-01-01
dc05a07c0cc70e26e10e274313034ad3,1,debit_card,1,429.64,2026-01-01
626e4ba4ac663dadb68a6fe4b0d7b8d4,1,credit_card,3,132.09,2026-01-01
2e1b28b55908e9904e59370fa0ecbb8e,1,credit_card,2,129.46,2026-01-01
8ac7bcd85522aa82e2d89d27ea9cb818,1,credit_card,2,40.23,2026-01-01
59d34e1064930d037d30041b73683aa7,1,credit_card,1,16.01,2026-01-01
d493148aa5f8d08914d29ec0524e1196,1,credit_card,6,170.10,2026-01-01
58d4c4747ee059eeeb865b349b41f53a,1,boleto,1,35.36,2026-01-01
d965c84427fa1d6daad237adfbf75554,1,boleto,1,413.59,2026-01-01
f86b24a45dc34d1b7fcdeb817bf503da,1,credit_card,10,226.14,2026-01-01
abc5ec9ecaec740b498a37f19c29a8c0,1,credit_card,1,141.06,2026-01-01
ac85808794ef111b4689bbdb5ea7f2c9,1,credit_card,1,36.69,2026-01-01
efe9bd98be3cb5cb5c87e7ca27abe613,1,boleto,1,61.11,2026-01-01
0760a852e4e9d89eb77bf631eaaf1c84,1,boleto,1,50.35,2026-01-01
8ad3f1d0f96992e43566c4c82c9f6c58,1,credit_card,1,93.59,2026-01-01
ec341c54a5ebf8ee0a67a8632aa7579b,1,credit_card,2,29.92,2026-01-01
eb79e3366c1e8ef5a331f96b5c73995f,1,boleto,1,155.14,2026-01-01
41de3b8bbb80e2cc80c8d446a752d2fb,1,boleto,1,33.22,2026-01-01
52e5445828db681d83dccb33a15ecac4,1,credit_card,8,194.06,2026-01-01
8373f5d7df6d9249999fd38f8513e6d7,1,debit_card,1,130.69,2026-01-01
4d95703047b8a80cf5796b7478900ec7,1,credit_card,3,103.50,2026-01-01
e5e6a20a4c3fbe6ee280c01f8fe279cc,1,credit_card,1,71.27,2026-01-01
01835ef41c5ac66dd9ec6084fa1d0533,1,credit_card,1,72.14,2026-01-01
02610d88ac343ed64988d2706ce3ebfd,1,boleto,1,43.11,2026-01-01
d0a72f8bcc1f2045167eaa548647e77c,1,credit_card,4,222.13,2026-01-01
2f246ee329fce6932458bc7a10625d2a,1,credit_card,4,41.69,2026-01-01
5820a1100976432c7968a52da59e9364,1,credit_card,1,52.24,2026-01-01
a685d016c8a26f71a0bb67821070e398,1,boleto,1,99.26,2026-01-01
97fdf3115437c18e71138bdaa80ec60b,1,credit_card,4,81.61,2026-01-01
bb2e64c3040ceb9b7ca2bfc602adca08,1,credit_card,2,257.34,2026-01-01
cf0ac4e12ad66c28302fc103670222fa,1,boleto,1,33.77,2026-01-01
d445a6e277eaa62900bc18d453d96d76,1,credit_card,5,225.42,2026-01-01
f4471dae8c482f51aa1826cd9f5d4433,1,credit_card,8,232.14,2026-01-01
0e782c3705510e717d28907746cbda82,1,credit_card,1,37.38,2026-01-01
dcb4a1d21593a108db61f12a4b3d61db,1,credit_card,8,224.84,2026-01-01
0b584b729bdfec204ec2aa5d21d6ca56,1,boleto,1,78.22,2026-01-01
965c963c874eedc47cd261cbe057121b,1,credit_card,4,124.29,2026-01-01
418764469a9e73f76f56783c1863bd05,1,credit_card,1,141.97,2026-01-01
edc531c3153d23614049077e7e1e6405,1,boleto,1,136.40,2026-01-01
0d5cbb8e4c1c7a7fc26899126197a6b9,1,credit_card,2,155.29,2026-01-01
434d3eec8dd031c322077fb2452e53a0,1,credit_card,1,76.29,2026-01-01
82bce245b1c9148f8d19a55b9ff70644,1,boleto,1,267.80,2026-01-01
50c67fc0ce3ee7959b7dfeeabfbe6b78,1,credit_card,10,173.57,2026-01-01
15d086bbbae9b9e4b50c916c919479ed,1,boleto,1,73.49,2026-01-01
cbec453ddd874ca620b8afc6393e3218,1,credit_card,3,103.55,2026-01-01
6ebaec694d7025e2ad4a05dba887c032,1,credit_card,7,153.72,2026-01-01
305b0101ce8f8fd2d7b32f7480340018,1,credit_card,1,44.42,2026-01-01
33209e0f87b2ed543a0876812c9c5c40,1,credit_card,4,196.95,2026-01-01
0b50bea7ba1e8ba7a21b01b7c9d1350b,1,credit_card,2,74.28,2026-01-01
234c056c50619f48da64f731c48242b4,1,boleto,1,75.71,2026-01-01
dd78f560c270f1909639c11b925620ea,1,credit_card,2,60.69,2026-01-01
3480c6733692db0895d7f240dc18d9d6,1,debit_card,1,56.78,2026-01-01
51fc12a7908ea200b269a6ecfb3e7740,1,boleto,1,30.96,2026-01-01
8eeda294fab8a5ed70259afb59a10ff8,1,boleto,1,187.20,2026-01-01
7e05645577366863a93350aac5cc7de5,1,credit_card,6,148.76,2026-01-01
bb2dfe6031f35f7abc9a3c7dad5e4467,1,credit_card,8,651.84,2026-01-01
f09942b1e1419e69f7509158f2a9c1d6,1,credit_card,7,72.68,2026-01-01
c82430e4a84f03b67cc2a82fecd873f0,1,boleto,1,300.76,2026-01-01
116f0b09343b49556bbad5f35bee0cdf,1,credit_card,4,43.09,2026-01-01
66e4624ae69e7dc89bd50222b59f581f,1,credit_card,9,91.68,2026-01-01
b3ceb7d2c66651bd0f6531ffba8745fb,1,boleto,1,183.89,2026-01-01
c046779e1ef14c11e325b9b9a46d610d,1,boleto,1,27.29,2026-01-01
3f849648ffbabb0562c7668f212e3e88,1,credit_card,1,86.36,2026-01-01
80b0f4fc350532f6e0ce9aa81ccde91c,1,credit_card,10,218.45,2026-01-01
eb366fe32c33e3b4037e9c3290b3ecec,1,credit_card,1,145.66,2026-01-01
955ea2e3177592d909296220d7fcdebd,1,credit_card,8,419.12,2026-01-01
ed01ce003df13cab401ba2ff57ea2542,1,credit_card,8,138.48,2026-01-01
61e7365ad2e2ce5a3dbf650586623b7f,1,credit_card,3,98.11,2026-01-01
4cd9478b63edacb631dcf780b036b157,1,boleto,1,26.79,2026-01-01
99fe1f54d97630a40c549779ea00e8c9,1,credit_card,2,206.99,2026-01-01
bd2623f3663c5daa3f89e6b527fd49da,1,credit_card,4,40.86,2026-01-01
b2908d9328eb32bdb9b7ac1e197c05fe,1,credit_card,1,61.05,2026-01-01
6ea2f835b4556291ffdc53fa0b3b95e8,1,credit_card,10,356.12,2026-01-01
b8c38cf37cd17fd645f2e84101c8a679,1,credit_card,2,138.03,2026-01-01
82566a660a982b15fb86e904c8d32918,1,boleto,1,50.13,2026-01-01
cedd898e1a953e9a8f3d763a364f6717,1,voucher,1,44.00,2026-01-01
db2351cb5d7dbd5c45ac607d32f2cb9b,1,boleto,1,68.30,2026-01-01
371f13dd168ce30a881e0db8cf3929fb,1,credit_card,8,665.87,2026-01-01
760312f5735ee281f01e56d5ddee05e3,1,credit_card,8,201.14,2026-01-01
fb4c699559386e0b6b970181177d99bd,1,credit_card,1,479.70,2026-01-01
21f4a37ec131158f1615d0f186f190af,1,credit_card,8,212.88,2026-01-01
d5af7f6e2db2c527fe19decfc2d37a83,1,credit_card,1,220.02,2026-01-01
3d4359c9a8031f632995e7923608dd4d,1,credit_card,1,129.49,2026-01-01
4f7ce3efe568a5e57290a9fa3e45b1f5,1,credit_card,10,1727.67,2026-01-01
fd9b8ed51e5ffedf7a56bea36cc5b6f9,2,voucher,1,100.00,2026-01-01
15bed8e2fec7fdbadb186b57c46c92f2,1,credit_card,2,138.28,2026-01-01
4efb9f3d8ba57d35f9f884744e757265,1,credit_card,1,64.09,2026-01-01
f346ad4ee8f630e5e4ddaf862a34e6dd,1,credit_card,1,53.66,2026-01-01
b52cc4919de82b4d696a4380d10804a3,1,boleto,1,55.02,2026-01-01
6d25592267349b322799e2beb687871e,1,boleto,1,201.82,2026-01-01
114e12eca60507f3e3153182f258684d,1,boleto,1,161.24,2026-01-01
c432ba5b3bb83966c1b66696c395a2fb,1,credit_card,3,32.94,2026-01-01
4df92d82d79c3b52c7138679fa9b07fc,2,voucher,1,100.00,2026-01-01
4dcc01481b7ab4f5f37c8eb4c4c67841,1,credit_card,7,72.25,2026-01-01
bceafe41324f7de517b199a7b4e2a074,1,credit_card,1,35.78,2026-01-01
95cf9f239f724799131f7ca949209bd9,1,credit_card,1,97.88,2026-01-01
4f7e398a1ddb1c349465b42b6865c60b,1,credit_card,4,171.84,2026-01-01
e2493d49c7ac426207fb7575814ebbd4,1,credit_card,1,45.62,2026-01-01
210e60465099814a1d2c7635e4065153,1,credit_card,8,231.79,2026-01-01
25f4376934e13d3508486352e11a5db0,1,credit_card,5,82.33,2026-01-01
b6b3633f97c686d8e188ac6fa29ff20d,1,credit_card,7,698.85,2026-01-01
af42887f85d980291a066176c4d13709,1,boleto,1,100.00,2026-01-01
567653c46861b54519b6f4cdee500f0a,1,credit_card,1,70.06,2026-01-01
d887b52c6516beb39e8cd44a5f8b60f7,1,credit_card,1,100.25,2026-01-01
f9f15e02ed74cf8a21b8266a55498942,1,credit_card,5,112.94,2026-01-01
47aa4816b27ba60ec948cd019cc1afc1,1,boleto,1,71.91,2026-01-01
